measure,n,agree_n,agreement,kappa
category,556,471,0.8471223021582733,0.7582621060761836
action_set,556,412,0.7410071942446043,
action_1,556,551,0.9910071942446043,-0.0028860028860076743
action_2,556,470,0.8453237410071942,0.6797277927366742
action_3,556,537,0.9658273381294964,0.327818783405447
action_4,556,530,0.9532374100719424,0.3308027034533829
action_5,556,509,0.9154676258992805,0.8304218040233614
action_6,556,506,0.9100719424460432,0.8086453744493391
action_7,556,545,0.9802158273381295,0.3437768240343349
