review_id,a_category,b_category,final_category,a_action_mask,b_action_mask,resolution_source
review-0056707322867f9e,2,2,2,16,16,auto_agreement_not_human_adjudication
review-014f431cdb07954a,1,1,1,32,4,adjudication
review-01692c85b4c6e394,2,2,2,16,16,auto_agreement_not_human_adjudication
review-0191505287bc42c3,2,2,2,16,16,auto_agreement_not_human_adjudication
review-019e598ca75a2604,2,2,2,16,16,auto_agreement_not_human_adjudication
review-01daae558c8120c5,2,2,2,16,16,auto_agreement_not_human_adjudication
review-022dede98715a30c,2,2,2,16,16,auto_agreement_not_human_adjudication
review-0238870c30ef790e,1,1,1,32,32,auto_agreement_not_human_adjudication
review-02ed9a9204fc5c8c,1,1,1,32,32,auto_agreement_not_human_adjudication
review-031c270e33784faf,1,4,1,2,64,adjudication
review-0364c25d14e8bb7d,1,1,1,32,34,adjudication
review-05ba384c6ab030f1,2,2,2,16,16,auto_agreement_not_human_adjudication
review-062650e5c03db7b3,1,1,1,32,32,auto_agreement_not_human_adjudication
review-0651a6827875d503,1,1,1,32,34,adjudication
review-06613e1d63363778,3,2,2,2,32,adjudication
review-06745995f913ed5c,2,2,2,16,16,auto_agreement_not_human_adjudication
review-06e6ec96dd763a34,3,3,3,16,16,auto_agreement_not_human_adjudication
review-06fe91fac978687e,3,2,2,2,16,adjudication
review-075ea585da5cae15,1,1,1,32,34,adjudication
review-07c0fb876beabf4b,3,2,2,2,32,adjudication
review-0822c98e66707747,3,3,3,16,16,auto_agreement_not_human_adjudication
review-09dc7d3fa6246119,2,2,2,16,16,auto_agreement_not_human_adjudication
review-09f8a52a643bde75,2,2,2,16,2,adjudication
review-09f9fd98d92b31c5,1,2,2,2,32,adjudication
review-0ba297695cc9a600,2,2,2,16,16,auto_agreement_not_human_adjudication
review-0bc7f01b43b4a4f4,3,3,3,16,16,auto_agreement_not_human_adjudication
review-0bf0da403c12d587,1,1,1,32,34,adjudication
review-0bfbacbb2760394c,1,1,1,32,2,adjudication
review-0c756099e821ef26,1,1,1,32,32,auto_agreement_not_human_adjudication
review-0ce89002b27ae13e,2,2,2,16,16,auto_agreement_not_human_adjudication
review-0cf62fd6142f6cb4,1,1,1,32,34,adjudication
review-0d61809b41685d2f,2,2,2,16,16,auto_agreement_not_human_adjudication
review-0d9dd805ae2674a4,1,1,1,8,8,auto_agreement_not_human_adjudication
review-0ddce31c46b4331c,3,3,3,16,16,auto_agreement_not_human_adjudication
review-0e3787ec2948234d,1,1,1,32,34,adjudication
review-0e9363ce9bcb57c2,1,1,1,32,32,auto_agreement_not_human_adjudication
review-0f5e5787e2464fe3,1,1,1,32,32,auto_agreement_not_human_adjudication
review-0f7f12381c38278e,3,3,3,16,16,auto_agreement_not_human_adjudication
review-105735240253acfe,1,4,1,42,2,adjudication
review-10dcb33dda6d5472,1,1,1,32,34,adjudication
review-10e329e8873017e2,1,2,1,2,40,adjudication
review-10f0da95f3fdd21e,2,2,2,16,16,auto_agreement_not_human_adjudication
review-127bc1671c3021e3,1,2,1,2,32,adjudication
review-12aedba2ef212671,1,1,1,34,34,auto_agreement_not_human_adjudication
review-131ed5d9023fe8e1,3,3,3,16,16,auto_agreement_not_human_adjudication
review-137a8d7cde64d50f,2,2,2,16,16,auto_agreement_not_human_adjudication
review-13ce66de75a8d3fc,1,1,1,34,34,auto_agreement_not_human_adjudication
review-13e7350b6f9c843d,1,1,1,6,2,adjudication
review-143e404949a72860,1,1,1,34,34,auto_agreement_not_human_adjudication
review-1502532d7fb02e2b,1,2,1,2,32,adjudication
review-1538fa93f259c264,2,2,2,16,8,adjudication
review-15f5cb8ca60e63e7,1,1,1,34,34,auto_agreement_not_human_adjudication
review-170c904128c3b75d,1,1,1,34,34,auto_agreement_not_human_adjudication
review-17bb16430527761d,1,1,1,38,34,adjudication
review-1820dec42f5ec2ca,1,1,1,34,34,auto_agreement_not_human_adjudication
review-19cc4ce8b1dbe415,1,2,2,2,32,adjudication
review-19d11b9f743aa049,1,1,1,34,34,auto_agreement_not_human_adjudication
review-1a4aa7992820ca2a,1,1,1,34,34,auto_agreement_not_human_adjudication
review-1a60e1bd37131802,2,2,2,16,16,auto_agreement_not_human_adjudication
review-1b01c3e70a5cd621,1,2,1,2,16,adjudication
review-1b29308cb4906d02,1,1,1,34,34,auto_agreement_not_human_adjudication
review-1bcdb8b5e4902f77,2,2,2,16,16,auto_agreement_not_human_adjudication
review-1bee5d35c3ae9550,1,2,1,2,32,adjudication
review-1c32fedd4b32dd06,3,3,3,16,16,auto_agreement_not_human_adjudication
review-1c42c25c32f5bd82,1,1,1,34,34,auto_agreement_not_human_adjudication
review-1cb842404c1056c4,2,2,2,16,16,auto_agreement_not_human_adjudication
review-1e450b71c02e190a,1,4,1,3,16,adjudication
review-1e479c4a302f356c,1,1,1,34,32,adjudication
review-1e68018ab3a2b26e,2,2,2,16,16,auto_agreement_not_human_adjudication
review-1ea0789836e39e65,1,1,1,34,34,auto_agreement_not_human_adjudication
review-1f07a8c7cd26df2c,4,2,2,3,16,adjudication
review-2015b61fb97f2965,2,3,3,16,16,adjudication
review-21e2a2729d0906e0,2,2,2,16,16,auto_agreement_not_human_adjudication
review-220daefcb5d386ed,1,1,1,2,2,auto_agreement_not_human_adjudication
review-223ad249b0ed1b08,2,2,2,16,16,auto_agreement_not_human_adjudication
review-22f7bb9e3da427de,1,1,1,6,2,adjudication
review-2324027bc353cb29,1,1,1,34,34,auto_agreement_not_human_adjudication
review-23e4e9eb29dd8f93,2,2,2,16,16,auto_agreement_not_human_adjudication
review-25104a7eec1f7831,1,1,1,34,34,auto_agreement_not_human_adjudication
review-256d1c0f349382b5,2,2,2,16,16,auto_agreement_not_human_adjudication
review-2579df062aafc741,1,1,1,34,32,adjudication
review-25ec7d62ea3d7444,1,1,1,32,32,auto_agreement_not_human_adjudication
review-260a39866b3feb51,2,2,2,16,16,auto_agreement_not_human_adjudication
review-266fac2cf4f9a2fe,1,1,1,34,34,auto_agreement_not_human_adjudication
review-2705653809f7ad8f,2,2,2,16,16,auto_agreement_not_human_adjudication
review-270f57eba07d36f4,1,1,1,34,32,adjudication
review-2769abe8fc6ffd87,2,3,3,16,16,adjudication
review-27c93b924b9803a0,1,2,1,2,32,adjudication
review-27fee91252ef3d87,2,2,2,16,32,adjudication
review-293586512b140a4e,1,1,1,32,32,auto_agreement_not_human_adjudication
review-2953de0d9a6a0ef3,2,2,2,16,16,auto_agreement_not_human_adjudication
review-2b3f3a2d3b9504b2,2,2,2,16,16,auto_agreement_not_human_adjudication
review-2b5a69423072c0ba,4,2,2,16,16,adjudication
review-2ba16080ec46773d,2,4,4,16,16,adjudication
review-2d4568421c26bf66,2,2,2,16,16,auto_agreement_not_human_adjudication
review-2d707fce0fb4702c,2,2,2,16,8,adjudication
review-2d80e47aaaa42543,2,2,2,16,16,auto_agreement_not_human_adjudication
review-2dcd34cb42910200,1,1,1,6,2,adjudication
review-2dd7b92c08e4f5c4,3,3,3,16,16,auto_agreement_not_human_adjudication
review-2f31bd2c29ca07dd,2,3,3,16,16,adjudication
review-300c4c657ef26689,2,2,2,16,8,adjudication
review-30c664d1fb0416d2,3,3,3,16,16,auto_agreement_not_human_adjudication
review-30d20e067658db39,4,4,4,64,64,auto_agreement_not_human_adjudication
review-30e3bf5a7666c842,1,1,1,34,34,auto_agreement_not_human_adjudication
review-31a75727a167d60d,1,1,1,34,32,adjudication
review-322a0c915a6dca98,1,1,1,6,34,adjudication
review-326317e54a445bed,1,1,1,2,34,adjudication
review-3398cc98a1b87648,1,1,1,34,34,auto_agreement_not_human_adjudication
review-3423b715646fd583,1,1,1,34,34,auto_agreement_not_human_adjudication
review-344682f2618ba8f9,3,2,2,16,16,adjudication
review-34c4c16cb5ea9aaf,1,1,1,34,34,auto_agreement_not_human_adjudication
review-363f281df3bd9ba4,3,3,3,16,16,auto_agreement_not_human_adjudication
review-364329807a65a090,1,1,1,2,2,auto_agreement_not_human_adjudication
review-36c6682493394c5a,1,1,1,34,34,auto_agreement_not_human_adjudication
review-370202b258208735,1,1,1,6,6,auto_agreement_not_human_adjudication
review-37141dd75c3875fc,2,2,2,16,16,auto_agreement_not_human_adjudication
review-3735a715aa425485,2,2,2,16,8,adjudication
review-377101d740e3c93a,1,1,1,34,34,auto_agreement_not_human_adjudication
review-37962ff6cab628b9,1,1,1,34,34,auto_agreement_not_human_adjudication
review-37a24da8c91a2014,1,1,1,34,34,auto_agreement_not_human_adjudication
review-37bb8af10a6775e3,4,2,2,64,32,adjudication
review-37c64855b20334c3,4,2,2,16,16,adjudication
review-383246308e1d9552,1,2,1,2,16,adjudication
review-39a836fe3d87fa33,2,2,2,16,16,auto_agreement_not_human_adjudication
review-39e0fa05577bfbae,1,1,1,34,34,auto_agreement_not_human_adjudication
review-3a343dbd60efe3c5,3,3,3,16,16,auto_agreement_not_human_adjudication
review-3a3a0c9003eb78d2,2,2,2,16,8,adjudication
review-3aa78c267ab21f05,2,2,2,16,32,adjudication
review-3abe5c96847ee3b9,2,2,2,16,8,adjudication
review-3b23a85b0e54e4e2,3,2,2,16,16,adjudication
review-3b5a82f01656ae5e,3,3,3,16,16,auto_agreement_not_human_adjudication
review-3b5e9306ce7f16f6,2,2,2,16,8,adjudication
review-3c542b2889f7ee41,1,1,1,34,34,auto_agreement_not_human_adjudication
review-3c6ae33a89ac17a5,1,1,1,34,34,auto_agreement_not_human_adjudication
review-3ec3c8e07bb7e369,3,3,3,16,16,auto_agreement_not_human_adjudication
review-3f1aad6856711dea,2,2,2,16,16,auto_agreement_not_human_adjudication
review-4034e1976e7caf3d,2,2,2,16,16,auto_agreement_not_human_adjudication
review-4056d8996d6573f3,1,4,1,3,16,adjudication
review-40617332c72b6a65,1,1,1,2,2,auto_agreement_not_human_adjudication
review-40e531a989b5b832,1,1,1,34,6,adjudication
review-40eb85d72dbb3fa3,1,1,1,34,34,auto_agreement_not_human_adjudication
review-40f65d491fbb6c91,1,2,1,2,32,adjudication
review-417d1a94491a5069,3,3,3,16,16,auto_agreement_not_human_adjudication
review-419f917f2243e05b,3,2,2,16,16,adjudication
review-41e7242cf53f7aec,3,3,3,16,16,auto_agreement_not_human_adjudication
review-41ec06c9fc578cef,1,1,1,34,34,auto_agreement_not_human_adjudication
review-44d5803b821bc077,1,1,1,34,34,auto_agreement_not_human_adjudication
review-4532712bae1263a4,1,1,1,34,34,auto_agreement_not_human_adjudication
review-46f3555593434e8a,1,1,1,34,34,auto_agreement_not_human_adjudication
review-47389333283368dc,1,1,1,34,34,auto_agreement_not_human_adjudication
review-48f7182245c9e551,2,2,2,16,16,auto_agreement_not_human_adjudication
review-49230d04e233f44b,3,3,3,16,16,auto_agreement_not_human_adjudication
review-49a272d982158787,1,2,1,2,32,adjudication
review-49db2f3969f4dab7,3,3,3,16,16,auto_agreement_not_human_adjudication
review-4a4a9ac934622b9e,2,2,2,16,16,auto_agreement_not_human_adjudication
review-4a5f226471e5edaf,1,1,1,34,34,auto_agreement_not_human_adjudication
review-4aad735ff43af908,2,2,2,16,32,adjudication
review-4aafcfede478ed2e,1,1,1,34,34,auto_agreement_not_human_adjudication
review-4b0f3b3c6f3029e0,1,1,1,34,34,auto_agreement_not_human_adjudication
review-4b7d3212a375f3c3,1,2,2,2,32,adjudication
review-4bb32c9d9587eb5b,1,1,1,34,34,auto_agreement_not_human_adjudication
review-4bc7fe6f6685e5b0,1,3,3,34,16,adjudication
review-4be490099efed608,1,1,1,34,34,auto_agreement_not_human_adjudication
review-4c1327797f738c0f,2,2,2,16,16,auto_agreement_not_human_adjudication
review-4c45e2acc43cd09c,1,1,1,34,34,auto_agreement_not_human_adjudication
review-4c7db89388133c66,2,2,2,16,16,auto_agreement_not_human_adjudication
review-4c7f2895cbdfff17,1,1,1,34,34,auto_agreement_not_human_adjudication
review-4cbabc8906c81322,1,1,1,34,34,auto_agreement_not_human_adjudication
review-4db7bde369258db0,1,1,1,10,8,adjudication
review-4dee15ae26647c57,2,2,2,16,16,auto_agreement_not_human_adjudication
review-4e91758f8be8575d,1,1,1,42,8,adjudication
review-50913d75a97def28,1,2,2,2,32,adjudication
review-50c65fd60929a11c,1,1,1,34,34,auto_agreement_not_human_adjudication
review-50eaadd4d0f17b7f,2,2,2,16,16,auto_agreement_not_human_adjudication
review-5155bcd98221f6df,2,2,2,16,16,auto_agreement_not_human_adjudication
review-5176dde30e249277,2,2,2,16,16,auto_agreement_not_human_adjudication
review-5192f26c12526af0,1,2,1,2,32,adjudication
review-5201c5937ee64b08,1,1,1,2,2,auto_agreement_not_human_adjudication
review-5351da806d5c8862,2,2,2,16,16,auto_agreement_not_human_adjudication
review-5377c60609e6da5b,1,2,1,5,16,adjudication
review-53c35a92e8d9dc2a,2,4,4,16,16,adjudication
review-53cc92ecebb430c9,2,2,2,16,16,auto_agreement_not_human_adjudication
review-543aeb75302230e1,2,2,2,16,16,auto_agreement_not_human_adjudication
review-545d35ba143011e5,2,2,2,16,16,auto_agreement_not_human_adjudication
review-54a4b61c2ddb946a,3,3,3,16,16,auto_agreement_not_human_adjudication
review-55155ad766375eb6,3,2,2,16,16,adjudication
review-5582aae305ae4193,3,3,3,16,16,auto_agreement_not_human_adjudication
review-55839cdd8c1c65c6,3,3,3,16,16,auto_agreement_not_human_adjudication
review-563b94c3e75e8c6d,1,1,1,2,2,auto_agreement_not_human_adjudication
review-56f61182338ec612,1,1,1,2,2,auto_agreement_not_human_adjudication
review-572c07846f21e2ba,2,2,2,16,16,auto_agreement_not_human_adjudication
review-573127865357f88a,2,2,2,16,16,auto_agreement_not_human_adjudication
review-5784e41a45931326,1,1,1,34,34,auto_agreement_not_human_adjudication
review-588539dd497a5994,1,1,1,2,2,auto_agreement_not_human_adjudication
review-591262c8bdf0034a,2,4,2,16,64,adjudication
review-5915bce9f0ed137d,4,2,2,64,8,adjudication
review-5a021883af9f96ea,3,3,3,16,16,auto_agreement_not_human_adjudication
review-5a49e43857a6f8f0,1,1,1,34,32,adjudication
review-5a7aed2fa9914ccd,2,2,2,16,16,auto_agreement_not_human_adjudication
review-5a9261ed8c81a5c6,2,2,2,16,16,auto_agreement_not_human_adjudication
review-5b0c0204dc451747,1,1,1,34,34,auto_agreement_not_human_adjudication
review-5b38287421b21063,2,2,2,16,16,auto_agreement_not_human_adjudication
review-5b8a47398769e7ef,2,2,2,16,16,auto_agreement_not_human_adjudication
review-5bd99d54544ce7e3,3,1,3,16,32,adjudication
review-5c5069cca8a5add0,3,3,3,16,16,auto_agreement_not_human_adjudication
review-5c8fb855522635b0,2,2,2,16,16,auto_agreement_not_human_adjudication
review-5cdeba2735509611,1,1,1,34,34,auto_agreement_not_human_adjudication
review-5d4e3193863f1946,1,1,1,34,36,adjudication
review-5f54bbc511caaded,2,2,2,16,16,auto_agreement_not_human_adjudication
review-5f5dd240c73902fa,3,3,3,16,16,auto_agreement_not_human_adjudication
review-5fad6c92922b1924,4,4,4,64,64,auto_agreement_not_human_adjudication
review-6036afa1a4a219c3,2,2,2,16,16,auto_agreement_not_human_adjudication
review-613647025d825449,2,2,2,16,16,auto_agreement_not_human_adjudication
review-61fef2c9ced4f942,2,2,2,16,16,auto_agreement_not_human_adjudication
review-6236e7e3fd2a54c8,2,2,2,16,2,adjudication
review-6260263e3bc9f334,1,1,1,34,34,auto_agreement_not_human_adjudication
review-63bef8982e454a02,1,1,1,34,32,adjudication
review-63ea5eac0fdbfe2f,1,1,1,34,34,auto_agreement_not_human_adjudication
review-65037cf8dfccb4af,3,3,3,16,16,auto_agreement_not_human_adjudication
review-6521774e33af014d,2,4,2,16,64,adjudication
review-65c507e4203143d6,1,1,1,34,34,auto_agreement_not_human_adjudication
review-65fde99e6e05f377,1,1,1,34,34,auto_agreement_not_human_adjudication
review-66516cd6e1b084bc,2,2,2,16,16,auto_agreement_not_human_adjudication
review-66ef57282af71d4f,2,2,2,16,16,auto_agreement_not_human_adjudication
review-6742e699b2c19637,3,4,4,16,16,adjudication
review-6925d1d5c92f5e6d,2,2,2,16,16,auto_agreement_not_human_adjudication
review-6938cc7e883cfae5,1,1,1,34,2,adjudication
review-6a3da5bb1cbb35c3,1,1,1,2,34,adjudication
review-6ae02f39f51553d5,1,1,1,10,8,adjudication
review-6b23a95e54455bfe,1,1,1,2,8,adjudication
review-6b90760350513e04,2,2,2,16,16,auto_agreement_not_human_adjudication
review-6c345dd95982d152,1,1,1,2,16,adjudication
review-6c7372dc6724ef49,2,2,2,16,16,auto_agreement_not_human_adjudication
review-6c9e3e62bbb95763,1,2,1,2,32,adjudication
review-6d70e00c3a0eb212,1,3,1,2,16,adjudication
review-6e51f1a0ccb981e6,1,1,1,34,34,auto_agreement_not_human_adjudication
review-6ee455a4c31c9039,3,2,2,16,16,adjudication
review-6f695f49e7ab13e0,2,2,2,16,16,auto_agreement_not_human_adjudication
review-70dad336d995a509,2,2,2,16,16,auto_agreement_not_human_adjudication
review-71bc6120e1507254,1,1,1,34,34,auto_agreement_not_human_adjudication
review-722fa17d1953465a,1,1,1,34,34,auto_agreement_not_human_adjudication
review-737f8fd0571ce3c6,4,2,2,64,32,adjudication
review-747ccc19ddd0a65f,2,2,2,16,16,auto_agreement_not_human_adjudication
review-7493575c90062c41,3,3,3,16,16,auto_agreement_not_human_adjudication
review-7494a9906bb71039,3,1,1,6,2,adjudication
review-755768c5838e2f29,1,1,1,34,34,auto_agreement_not_human_adjudication
review-75ab06f0d698d679,1,1,1,2,8,adjudication
review-75f8aea8c65c0cb2,1,1,1,34,34,auto_agreement_not_human_adjudication
review-76a47d926f91413e,2,2,2,16,16,auto_agreement_not_human_adjudication
review-76f98d8733690feb,1,2,2,2,32,adjudication
review-7794b3bc9bc0c3a1,2,2,2,16,8,adjudication
review-77b394cbe6e1dc4b,2,2,2,16,8,adjudication
review-787b7c042622aae0,3,2,2,16,16,adjudication
review-790151d3979b5cf2,2,2,2,16,16,auto_agreement_not_human_adjudication
review-7977c3d1276873c7,2,2,2,16,16,auto_agreement_not_human_adjudication
review-7a761126add20b55,1,1,1,34,34,auto_agreement_not_human_adjudication
review-7aed3e349c71aa1c,1,1,1,34,34,auto_agreement_not_human_adjudication
review-7b32c18f837c52f3,1,2,2,2,16,adjudication
review-7b9d338bf5cd4bdc,2,2,2,16,16,auto_agreement_not_human_adjudication
review-7bc2e45e3ffc6c78,2,2,2,16,16,auto_agreement_not_human_adjudication
review-7c0605262829dbc3,1,1,1,34,34,auto_agreement_not_human_adjudication
review-7cbff1d715e4b2f0,3,3,3,16,16,auto_agreement_not_human_adjudication
review-7d4271562f20ae7d,3,3,3,16,16,auto_agreement_not_human_adjudication
review-7d723e9bf1b824f5,1,2,1,2,32,adjudication
review-7e4208c3a8d81d5e,2,2,2,16,16,auto_agreement_not_human_adjudication
review-8039ca8a8d71147c,1,1,1,2,2,auto_agreement_not_human_adjudication
review-80aaf5285dff5d52,3,3,3,16,16,auto_agreement_not_human_adjudication
review-80c5a8d505a86e25,2,2,2,16,16,auto_agreement_not_human_adjudication
review-81b1a3bc8dfb1982,2,2,2,16,16,auto_agreement_not_human_adjudication
review-81db582ab9c83a7d,1,1,1,34,34,auto_agreement_not_human_adjudication
review-833c087c0ab5f903,4,2,1,2,32,adjudication
review-83bf04c6b634cf0b,3,3,3,16,16,auto_agreement_not_human_adjudication
review-83fb52312abeb4ec,1,1,1,34,34,auto_agreement_not_human_adjudication
review-8408e233d5c05195,2,2,2,16,16,auto_agreement_not_human_adjudication
review-85ef908a3e61f2a2,2,2,2,16,16,auto_agreement_not_human_adjudication
review-869ed6a92825209e,1,1,1,34,32,adjudication
review-87280a48b9739e82,1,1,1,6,6,auto_agreement_not_human_adjudication
review-87ca5145bb1464ea,3,3,3,16,16,auto_agreement_not_human_adjudication
review-87fb862754461a9e,3,3,3,16,16,auto_agreement_not_human_adjudication
review-8815f8f3d2cf8ddd,2,2,2,16,16,auto_agreement_not_human_adjudication
review-8858113ca39c4a08,1,1,1,34,34,auto_agreement_not_human_adjudication
review-8a9635c815342586,1,1,1,34,34,auto_agreement_not_human_adjudication
review-8a9a3331b5fa55b8,2,2,2,16,8,adjudication
review-8ac3c67723460772,2,2,2,16,16,auto_agreement_not_human_adjudication
review-8acb2fdf0b998c44,1,1,1,34,34,auto_agreement_not_human_adjudication
review-8b051b87b72136a4,1,1,1,2,2,auto_agreement_not_human_adjudication
review-8c0239752664c9f7,1,1,1,2,8,adjudication
review-8c3afec16f00c8ea,2,2,2,16,16,auto_agreement_not_human_adjudication
review-8c9379e6d07693b9,1,1,1,10,8,adjudication
review-8e3e294dce3f381b,2,2,2,16,16,auto_agreement_not_human_adjudication
review-8f6994cbd2075acd,1,1,1,34,34,auto_agreement_not_human_adjudication
review-8f7e5118fc4a9d93,1,1,1,34,34,auto_agreement_not_human_adjudication
review-901aa5f6d890357c,1,1,1,34,34,auto_agreement_not_human_adjudication
review-904be5b534ca4342,2,2,2,16,16,auto_agreement_not_human_adjudication
review-92026380db179cfa,1,4,1,2,16,adjudication
review-92a8bdc500ce598c,1,1,1,34,34,auto_agreement_not_human_adjudication
review-92e977f1b9f64cdd,1,1,1,2,2,auto_agreement_not_human_adjudication
review-936c9b094a62d464,2,2,2,16,16,auto_agreement_not_human_adjudication
review-93d84a89e42aa2d2,1,1,1,34,32,adjudication
review-93e39f35ad377da3,2,2,2,16,16,auto_agreement_not_human_adjudication
review-93f251b7f415320e,1,1,1,34,34,auto_agreement_not_human_adjudication
review-9440c7b20214abb9,1,1,1,34,34,auto_agreement_not_human_adjudication
review-94b8ffc8b0784e28,2,2,2,16,16,auto_agreement_not_human_adjudication
review-95ab42239fb052e7,3,3,3,16,16,auto_agreement_not_human_adjudication
review-95b51a345d37bf9b,1,1,1,34,32,adjudication
review-95c15e2125e8158e,1,1,1,34,34,auto_agreement_not_human_adjudication
review-962656fa6b00f587,3,3,3,16,16,auto_agreement_not_human_adjudication
review-96be0a4e61349470,1,1,1,34,34,auto_agreement_not_human_adjudication
review-973274a88b5aa1db,2,2,2,16,16,auto_agreement_not_human_adjudication
review-9751bc751be6b57c,1,1,1,2,2,auto_agreement_not_human_adjudication
review-9762bd209b88d2ac,1,1,1,6,6,auto_agreement_not_human_adjudication
review-97b3b26bd7e8a65a,4,2,2,64,16,adjudication
review-97dbf9fb83d5fd0a,3,2,2,16,16,adjudication
review-97eb58f77becd57e,3,2,2,16,16,adjudication
review-9827872ee45caecd,1,1,1,34,34,auto_agreement_not_human_adjudication
review-982aea7aee2bfd5b,1,1,1,34,34,auto_agreement_not_human_adjudication
review-9833d3f3d2c07833,1,1,1,34,32,adjudication
review-9848e1bfbd07911c,2,2,2,16,16,auto_agreement_not_human_adjudication
review-98f41617c328173b,1,1,1,34,34,auto_agreement_not_human_adjudication
review-98f9751b78a4c31e,2,3,3,16,16,adjudication
review-99553665d7fa8d60,2,2,2,16,16,auto_agreement_not_human_adjudication
review-9955e43648119f93,1,1,1,34,34,auto_agreement_not_human_adjudication
review-9a3f12ca280a1c8a,3,3,3,2,2,auto_agreement_not_human_adjudication
review-9a4ea6655a8a5a4f,3,3,3,16,16,auto_agreement_not_human_adjudication
review-9a6d46e3500865e5,1,2,1,2,32,adjudication
review-9ad68457d5c5ddfe,1,1,1,32,32,auto_agreement_not_human_adjudication
review-9bf729353718fab4,2,2,2,16,16,auto_agreement_not_human_adjudication
review-9c83743cb64ceb5e,2,2,2,16,8,adjudication
review-9c94f8c84f214457,1,1,1,32,40,adjudication
review-9ca002eef5fabf4c,2,2,2,16,16,auto_agreement_not_human_adjudication
review-9d4c0bc5bb2de352,1,1,1,34,34,auto_agreement_not_human_adjudication
review-9db42b53975f21ce,3,3,3,16,16,auto_agreement_not_human_adjudication
review-9dcbf9222596e8de,2,4,4,16,16,adjudication
review-9e59560a7b1c6aa2,3,2,1,16,32,adjudication
review-9e77e04ddb3e3ff6,1,1,1,34,34,auto_agreement_not_human_adjudication
review-9ec13abc1ec360b9,2,2,2,16,8,adjudication
review-a00070320560c3ff,1,1,1,34,34,auto_agreement_not_human_adjudication
review-a003a34f2b7224ae,2,2,2,16,16,auto_agreement_not_human_adjudication
review-a0157c7c504b2713,1,1,1,32,34,adjudication
review-a077aa771a77e44f,2,2,2,16,16,auto_agreement_not_human_adjudication
review-a07cfcb07490d311,1,1,1,34,32,adjudication
review-a0abc212fe654fe2,1,1,1,34,34,auto_agreement_not_human_adjudication
review-a1325d40440edcad,2,2,2,16,16,auto_agreement_not_human_adjudication
review-a17319837ff0f25f,1,1,1,34,34,auto_agreement_not_human_adjudication
review-a1b685810c820047,1,1,1,34,34,auto_agreement_not_human_adjudication
review-a1c208b7e2a31834,1,1,1,2,2,auto_agreement_not_human_adjudication
review-a31dcf3587c938e0,1,1,1,32,40,adjudication
review-a3348ee784bf419a,1,1,1,34,34,auto_agreement_not_human_adjudication
review-a3b8e31a589bfbf6,1,1,1,34,34,auto_agreement_not_human_adjudication
review-a55cc489390f4d15,1,1,1,34,34,auto_agreement_not_human_adjudication
review-a5c8844b07d15249,1,1,1,34,34,auto_agreement_not_human_adjudication
review-a5e01613dff9b90c,3,2,2,16,16,adjudication
review-a737e63e0af5d4ad,3,3,3,16,16,auto_agreement_not_human_adjudication
review-a884f7c925b47633,1,1,1,34,34,auto_agreement_not_human_adjudication
review-a8b302c46a81110b,2,2,2,16,16,auto_agreement_not_human_adjudication
review-a93e9d44999fbedb,2,2,2,16,16,auto_agreement_not_human_adjudication
review-a966f0861f64ccf4,1,2,1,2,32,adjudication
review-aa0341109ceb1209,2,2,2,16,10,adjudication
review-ab5082605dd6822e,1,1,1,34,38,adjudication
review-abfd0300b3e94bc9,3,3,3,16,16,auto_agreement_not_human_adjudication
review-ac307e4a1651f014,1,3,3,34,16,adjudication
review-aca9116d8021bfae,1,1,1,34,38,adjudication
review-acfda6dedbd0ac44,2,2,2,16,16,auto_agreement_not_human_adjudication
review-ad512146de7da940,1,1,1,6,6,auto_agreement_not_human_adjudication
review-ad7039ac6a9ced27,2,2,2,16,16,auto_agreement_not_human_adjudication
review-add578e780e46b65,3,2,2,16,16,adjudication
review-ae30eff1c5009634,3,3,3,16,16,auto_agreement_not_human_adjudication
review-aefdc599d52d1968,1,2,1,2,16,adjudication
review-af3cd140e815bf14,2,2,2,16,16,auto_agreement_not_human_adjudication
review-b0d0b31ce42bff6d,1,1,1,6,34,adjudication
review-b1335825efb8b815,2,2,2,16,16,auto_agreement_not_human_adjudication
review-b1951ff1f4366cb0,2,2,2,16,16,auto_agreement_not_human_adjudication
review-b31a9429969a49d0,2,2,2,16,16,auto_agreement_not_human_adjudication
review-b354a4224eb298ed,1,1,1,34,34,auto_agreement_not_human_adjudication
review-b4838689e702ca9d,2,2,2,16,16,auto_agreement_not_human_adjudication
review-b495dcabfdc9e6bb,1,1,1,34,32,adjudication
review-b4a140a400dd0bd4,1,1,1,34,34,auto_agreement_not_human_adjudication
review-b4f3af03fab1d1b9,1,1,1,34,34,auto_agreement_not_human_adjudication
review-b52505e7e689a4b8,3,2,2,16,16,adjudication
review-b716d55654e9e174,2,2,2,16,16,auto_agreement_not_human_adjudication
review-b75a5cafe4180fd6,2,1,1,16,16,adjudication
review-b7a4aa1c4b4f5a68,4,4,4,2,2,auto_agreement_not_human_adjudication
review-b7db7bfa3479f4d7,2,2,2,16,16,auto_agreement_not_human_adjudication
review-b853cb37dc6b6e11,2,2,2,16,16,auto_agreement_not_human_adjudication
review-b894aa9bff1613dc,1,1,1,34,34,auto_agreement_not_human_adjudication
review-b8b4a371ec215d7c,2,2,2,16,16,auto_agreement_not_human_adjudication
review-b973d23ab4a680d4,2,2,2,16,16,auto_agreement_not_human_adjudication
review-baf06dfd954e1b3a,1,1,1,34,34,auto_agreement_not_human_adjudication
review-bb5f23238e492978,1,1,1,34,34,auto_agreement_not_human_adjudication
review-bb9c36d01d5155e0,1,1,1,46,34,adjudication
review-bbb9c61301495984,1,1,1,38,32,adjudication
review-bbe916c0a5f13c5a,1,1,1,34,34,auto_agreement_not_human_adjudication
review-bc1ad3d6715f9dab,3,3,3,16,16,auto_agreement_not_human_adjudication
review-bc58d3e0a50d9226,2,3,3,16,16,adjudication
review-bc5e0069bbad7d67,2,2,2,16,16,auto_agreement_not_human_adjudication
review-bc64860bdda53d26,2,2,2,16,16,auto_agreement_not_human_adjudication
review-bc694d6c09671509,2,2,2,16,16,auto_agreement_not_human_adjudication
review-bc805b9a7fefb4c4,1,1,1,2,2,auto_agreement_not_human_adjudication
review-bc9e9750ed2f2246,2,2,2,16,16,auto_agreement_not_human_adjudication
review-bcc4f27e08342914,1,1,1,2,2,auto_agreement_not_human_adjudication
review-bcc86610acb0f9ff,4,1,1,64,1,adjudication
review-bd2ee152f3f0a48a,2,2,2,16,16,auto_agreement_not_human_adjudication
review-be260e01d39a8550,1,1,1,34,34,auto_agreement_not_human_adjudication
review-be8ac302beaaaa38,2,2,2,16,16,auto_agreement_not_human_adjudication
review-bee3f43cbc979cc9,1,1,1,40,32,adjudication
review-bef01b9f140416fa,3,3,3,16,16,auto_agreement_not_human_adjudication
review-bf29414211fedb11,1,1,1,34,34,auto_agreement_not_human_adjudication
review-bf5160f31d278f7b,2,2,2,16,16,auto_agreement_not_human_adjudication
review-bf5fe000a4a8d9d5,1,1,1,34,32,adjudication
review-bfec2c5d687b5e5a,2,2,2,16,16,auto_agreement_not_human_adjudication
review-c0dec81b7dec22c5,2,2,2,16,16,auto_agreement_not_human_adjudication
review-c1f9d74965cc6d56,1,1,1,34,34,auto_agreement_not_human_adjudication
review-c20d5a744e2d1992,2,2,2,16,16,auto_agreement_not_human_adjudication
review-c279584d5ab81989,1,1,1,34,34,auto_agreement_not_human_adjudication
review-c2b11fa0a2c3336f,2,2,2,16,16,auto_agreement_not_human_adjudication
review-c3157c09e695c3c5,3,3,3,16,16,auto_agreement_not_human_adjudication
review-c386fdd922078a37,2,2,2,16,16,auto_agreement_not_human_adjudication
review-c4368025a0827097,2,2,2,16,16,auto_agreement_not_human_adjudication
review-c45238e439e91c4d,1,1,1,34,32,adjudication
review-c58fb60504f6d9d8,1,1,1,34,32,adjudication
review-c68883cf7ada6886,1,1,1,34,34,auto_agreement_not_human_adjudication
review-c7968cd6c3d1f959,2,2,2,16,32,adjudication
review-c7acc1ae1037b569,1,1,1,34,34,auto_agreement_not_human_adjudication
review-c7e00bcebb9cbe94,2,2,2,16,16,auto_agreement_not_human_adjudication
review-c7f76b1e1d80f49a,1,1,1,32,32,auto_agreement_not_human_adjudication
review-c854f5ffb64bf3eb,2,2,2,16,16,auto_agreement_not_human_adjudication
review-c882bcd351e72aee,1,1,1,34,34,auto_agreement_not_human_adjudication
review-c964452f27eede18,4,4,4,64,64,auto_agreement_not_human_adjudication
review-c9bef77585bdd4e8,1,1,1,34,32,adjudication
review-c9d8f2fd31ea0b7f,3,3,3,16,16,auto_agreement_not_human_adjudication
review-c9eb20ef749cdb80,3,3,3,16,2,adjudication
review-ca1c52eb5a9e5a56,2,2,2,16,16,auto_agreement_not_human_adjudication
review-ca722d1baa37caa6,1,1,1,34,34,auto_agreement_not_human_adjudication
review-cb23ce2b380ce815,2,2,2,16,16,auto_agreement_not_human_adjudication
review-cb28a9106aef5505,1,1,1,34,34,auto_agreement_not_human_adjudication
review-cb32573abbb83f9f,1,1,1,34,34,auto_agreement_not_human_adjudication
review-cbbc72e510f286e3,1,1,1,34,34,auto_agreement_not_human_adjudication
review-cc41f3f4cb6e8629,1,4,1,2,16,adjudication
review-cc4b16c2321274c0,1,1,1,32,34,adjudication
review-cd10401423c3d046,2,2,2,16,16,auto_agreement_not_human_adjudication
review-cd39c34a5496687f,2,2,2,16,16,auto_agreement_not_human_adjudication
review-ce1c5319370b9470,1,1,1,32,32,auto_agreement_not_human_adjudication
review-cf59c2e5933f9fa2,1,1,1,34,34,auto_agreement_not_human_adjudication
review-cf827f0ca2b4b9a5,1,3,1,34,16,adjudication
review-cfc0b12d1183e034,2,2,2,16,8,adjudication
review-cfc80bc1541032df,1,1,1,34,34,auto_agreement_not_human_adjudication
review-d09099c6189f497b,1,2,1,2,32,adjudication
review-d0b2291f671afb13,1,1,1,34,38,adjudication
review-d14a67c8f86c82a4,2,2,2,16,16,auto_agreement_not_human_adjudication
review-d17c9fec5ba94c27,1,1,1,2,34,adjudication
review-d1b2ce556231d1b9,3,3,3,16,16,auto_agreement_not_human_adjudication
review-d1ba629d1b0c0386,4,2,4,2,16,adjudication
review-d1df54b7c0853995,3,3,3,16,16,auto_agreement_not_human_adjudication
review-d23755346e397e0d,2,2,2,16,16,auto_agreement_not_human_adjudication
review-d27b1f741c6ce442,2,2,2,16,16,auto_agreement_not_human_adjudication
review-d299ebb8c45a2f94,4,2,4,64,16,adjudication
review-d29c44ff7ec787ac,3,3,3,16,16,auto_agreement_not_human_adjudication
review-d33ca86cba802688,1,1,1,38,38,auto_agreement_not_human_adjudication
review-d3b4daac66058960,3,3,3,16,16,auto_agreement_not_human_adjudication
review-d4f84d432e0d6d48,2,2,2,16,16,auto_agreement_not_human_adjudication
review-d51050ea94555e33,2,2,2,16,16,auto_agreement_not_human_adjudication
review-d51a67f2e9911b52,2,2,2,16,16,auto_agreement_not_human_adjudication
review-d5b560692f11bda9,2,2,2,16,16,auto_agreement_not_human_adjudication
review-d5cad39f16073736,3,3,3,16,16,auto_agreement_not_human_adjudication
review-d684b0c9ae6eb28a,1,1,1,34,34,auto_agreement_not_human_adjudication
review-d6877eb437269499,2,2,2,16,16,auto_agreement_not_human_adjudication
review-d6c4551ca894cc5c,1,1,1,34,34,auto_agreement_not_human_adjudication
review-d7a5aa91a1e9ef4b,3,3,3,16,16,auto_agreement_not_human_adjudication
review-d7e6ea82c0cbb7e9,2,2,2,16,16,auto_agreement_not_human_adjudication
review-d86e9dceafb57f52,1,1,1,34,34,auto_agreement_not_human_adjudication
review-d870679fd6d01453,3,1,1,6,2,adjudication
review-d885dde988ff81fc,1,1,1,2,8,adjudication
review-d927fc30b0eb9634,1,1,1,34,34,auto_agreement_not_human_adjudication
review-da0a87e60e534a8c,2,2,2,16,16,auto_agreement_not_human_adjudication
review-da5d8fa9864e211c,2,2,2,16,16,auto_agreement_not_human_adjudication
review-db2e98df10b7ea70,2,2,2,16,16,auto_agreement_not_human_adjudication
review-dbbbfc8d3d158c2b,1,1,1,34,32,adjudication
review-dc7c7acfd6e2db79,3,1,1,2,2,adjudication
review-dcfd0dc2773c1fc2,1,1,1,2,34,adjudication
review-dd1fb20a78a6cb60,2,2,2,16,16,auto_agreement_not_human_adjudication
review-dd797ac5b4317bd3,1,1,1,34,34,auto_agreement_not_human_adjudication
review-dd85b84b55bb501f,1,1,1,34,34,auto_agreement_not_human_adjudication
review-dd9532439f290332,2,2,2,16,16,auto_agreement_not_human_adjudication
review-de8af5907865c3e9,1,1,1,34,34,auto_agreement_not_human_adjudication
review-e058b93119484125,1,1,1,34,34,auto_agreement_not_human_adjudication
review-e0a264aecc7ee1b0,2,2,2,16,16,auto_agreement_not_human_adjudication
review-e0ac9753946feca9,1,4,4,2,2,adjudication
review-e1afcc76f28c4344,2,2,2,16,16,auto_agreement_not_human_adjudication
review-e23fed0689d23954,3,3,3,16,16,auto_agreement_not_human_adjudication
review-e244a46bb3c89288,1,1,1,34,38,adjudication
review-e2fd25cde06b2e07,3,3,3,16,16,auto_agreement_not_human_adjudication
review-e3520951883c1b51,3,3,3,16,16,auto_agreement_not_human_adjudication
review-e384094846a41b50,1,1,1,34,34,auto_agreement_not_human_adjudication
review-e432c718725ac7ae,2,2,2,16,16,auto_agreement_not_human_adjudication
review-e447ae957587a31d,1,1,1,34,34,auto_agreement_not_human_adjudication
review-e4dca6a839df1435,2,2,2,16,16,auto_agreement_not_human_adjudication
review-e511d7b76f480bc7,1,1,1,34,34,auto_agreement_not_human_adjudication
review-e58d1b3575c7e041,1,2,1,2,32,adjudication
review-e597199623b7b146,2,2,2,16,16,auto_agreement_not_human_adjudication
review-e5c8c789729e554c,2,2,2,16,16,auto_agreement_not_human_adjudication
review-e63efe4044e2aa11,1,1,1,2,34,adjudication
review-e736bb0c132d2dc8,3,2,1,2,32,adjudication
review-e8170ecaf09d95c1,2,2,2,16,16,auto_agreement_not_human_adjudication
review-e8eebbe27a7969d0,2,2,2,8,8,auto_agreement_not_human_adjudication
review-e945ebd4e9533666,1,1,1,34,34,auto_agreement_not_human_adjudication
review-e9f675e3299ddb73,2,2,2,16,16,auto_agreement_not_human_adjudication
review-ea8461ed56afeacc,2,2,2,16,16,auto_agreement_not_human_adjudication
review-eb5bbbe4e99a6f72,2,2,2,16,16,auto_agreement_not_human_adjudication
review-ec018bdef14b4dce,1,1,1,34,34,auto_agreement_not_human_adjudication
review-ecc7155e591dec16,1,2,1,2,16,adjudication
review-ecf66ae7e447041e,1,2,1,2,32,adjudication
review-ed0223c36d93b8cb,3,1,1,2,2,adjudication
review-ed79a40573a23e85,3,3,3,16,16,auto_agreement_not_human_adjudication
review-ed8aaee3f91ea267,3,3,3,16,16,auto_agreement_not_human_adjudication
review-ed9460d363c32a66,2,2,2,16,16,auto_agreement_not_human_adjudication
review-edccbb4371a90711,1,1,1,34,34,auto_agreement_not_human_adjudication
review-ee314103593cc397,1,1,1,34,34,auto_agreement_not_human_adjudication
review-ee537a73bef42552,2,2,2,16,16,auto_agreement_not_human_adjudication
review-eef1587711f81f11,2,2,2,16,32,adjudication
review-f02182e8f70df196,1,1,1,34,32,adjudication
review-f0b50460d98d4502,1,1,1,34,34,auto_agreement_not_human_adjudication
review-f0f2fce9301b3378,2,2,2,16,16,auto_agreement_not_human_adjudication
review-f160feeb48ff21ee,1,1,1,34,34,auto_agreement_not_human_adjudication
review-f278c035dcc448b5,2,2,2,16,16,auto_agreement_not_human_adjudication
review-f296f965b5850c48,3,3,3,16,16,auto_agreement_not_human_adjudication
review-f2b62cb8a35fddc1,1,1,1,40,32,adjudication
review-f2c9ba7c14a8e7f4,1,1,1,32,34,adjudication
review-f360abb82bcec3c4,1,1,1,34,34,auto_agreement_not_human_adjudication
review-f44ca51cbbeda00a,1,1,1,32,34,adjudication
review-f48d763f6c721c5c,1,1,1,34,34,auto_agreement_not_human_adjudication
review-f50f53a543208b94,1,1,1,32,32,auto_agreement_not_human_adjudication
review-f68968ff35ec4bea,2,2,2,16,16,auto_agreement_not_human_adjudication
review-f69dbdcfebf56998,1,1,1,34,34,auto_agreement_not_human_adjudication
review-f6f3c364cb66f280,2,2,2,16,16,auto_agreement_not_human_adjudication
review-f778efc9b041eb43,2,2,2,16,16,auto_agreement_not_human_adjudication
review-f7a215d9e903b41d,3,1,1,6,2,adjudication
review-f7fbd3ab7a66e194,3,3,3,16,16,auto_agreement_not_human_adjudication
review-f8f57cab36b5e4f9,2,2,2,16,16,auto_agreement_not_human_adjudication
review-f9733f5a3ed15ba1,1,1,1,34,34,auto_agreement_not_human_adjudication
review-f9b9a4279458f732,1,1,1,34,34,auto_agreement_not_human_adjudication
review-f9bfaa738fc7db78,2,2,2,16,16,auto_agreement_not_human_adjudication
review-f9d950de655d05cd,1,1,1,8,8,auto_agreement_not_human_adjudication
review-fb2667a6a62b9c38,2,2,2,16,16,auto_agreement_not_human_adjudication
review-fbd669140c0c37bb,2,2,2,16,16,auto_agreement_not_human_adjudication
review-fcb737070b879e4f,2,2,2,16,16,auto_agreement_not_human_adjudication
review-fcba197835dbe421,1,1,1,2,2,auto_agreement_not_human_adjudication
review-fd0999fd546bfed8,1,1,1,34,34,auto_agreement_not_human_adjudication
review-fd4a4694d748b8f1,1,1,1,2,2,auto_agreement_not_human_adjudication
review-fd55ea1d04c7fc3b,3,3,3,16,16,auto_agreement_not_human_adjudication
review-fdc12fa3cc3d98a8,1,1,1,34,34,auto_agreement_not_human_adjudication
review-fe1822167edb9625,3,2,2,16,16,adjudication
review-fef8e7e55d89aaf1,1,1,1,34,34,auto_agreement_not_human_adjudication
review-ff1ff6c1bdbeaee2,2,2,2,16,16,auto_agreement_not_human_adjudication
review-ff57873bcca80e84,4,2,1,64,16,adjudication
review-ff61b33b22cf09db,4,2,1,64,32,adjudication
review-ff7824303811b880,1,1,1,34,34,auto_agreement_not_human_adjudication
