review_id,message_id,original_label,is_url_free_malicious,is_quarantined,heuristic_code,text_judgment,wave,note_chars,n_actions,action_payment,action_credentials,action_app,action_channel,action_callback,action_none,action_unclear
review-0056707322867f9e,msg-bfebdfbc523c88d22afe,normal,0,0,control,ordinary_notice_or_conversation_possible,1,4,1,0,0,0,0,0,1,0
review-014f431cdb07954a,msg-0c6dfbf2de170e52a942,smishing,1,0,loan_ad,risky_request_visible,1,6,1,1,0,0,0,0,0,0
review-01692c85b4c6e394,msg-86b2b582f59b8ef3cb9d,normal,0,0,control,ordinary_notice_or_conversation_possible,1,4,1,0,0,0,0,0,1,0
review-0191505287bc42c3,msg-125422950bbf2894b298,normal,0,0,control,ordinary_notice_or_conversation_possible,1,6,1,0,0,0,0,0,1,0
review-019e598ca75a2604,msg-51d91745aaf7c70cfe66,normal,0,0,control,ordinary_notice_or_conversation_possible,1,6,1,0,0,0,0,0,1,0
review-01daae558c8120c5,msg-a5fe2c7068a39a897fd5,normal,0,0,control,ordinary_notice_or_conversation_possible,1,6,1,0,0,0,0,0,1,0
review-022dede98715a30c,msg-873db1de4a30a9f5c623,normal,0,0,control,ordinary_notice_or_conversation_possible,1,6,1,0,0,0,0,0,1,0
review-0238870c30ef790e,msg-d2b85b2279d55f17aa61,smishing,1,0,messenger_phishing,risky_request_visible,1,9,1,1,0,0,0,0,0,0
review-02ed9a9204fc5c8c,msg-8af5cc4194464b481799,smishing,1,0,loan_ad,risky_request_visible,1,6,1,1,0,0,0,0,0,0
review-031c270e33784faf,msg-7b77eedddff4504d9db0,smishing,1,0,agency_impersonation,risky_request_visible,1,9,1,0,0,0,0,1,0,0
review-0364c25d14e8bb7d,msg-ba7ace3a75e45b91726c,smishing,1,0,loan_ad,risky_request_visible,1,7,1,1,0,0,0,0,0,0
review-05ba384c6ab030f1,msg-0cf1f701a15c54d26789,normal,0,0,control,ordinary_notice_or_conversation_possible,1,6,1,0,0,0,0,0,1,0
review-062650e5c03db7b3,msg-736f82ab7ef68bca67fc,smishing,1,0,messenger_phishing,risky_request_visible,1,9,1,1,0,0,0,0,0,0
review-0651a6827875d503,msg-6dcdcd189e5593455a49,smishing,1,0,loan_ad,risky_request_visible,1,6,1,1,0,0,0,0,0,0
review-06613e1d63363778,msg-bd04b75032f0dfc2ee62,normal,0,0,control,promotion_without_clear_scam_request,1,12,1,0,0,0,0,1,0,0
review-06745995f913ed5c,msg-fb9fed8f5353c19f4482,normal,0,0,control,ordinary_notice_or_conversation_possible,1,6,1,0,0,0,0,0,1,0
review-06e6ec96dd763a34,msg-3be783148c7ea591a6af,normal,0,0,control,promotion_without_clear_scam_request,1,6,1,0,0,0,0,0,1,0
review-06fe91fac978687e,msg-a83bb61726a247a6e1e1,normal,0,0,control,promotion_without_clear_scam_request,1,7,1,0,0,0,0,1,0,0
review-075ea585da5cae15,msg-7013d5e6af2e769f406d,smishing,1,0,loan_ad,risky_request_visible,1,6,1,1,0,0,0,0,0,0
review-07c0fb876beabf4b,msg-cdcf2dfc7474190999c3,smishing,1,0,payment_impersonation,promotion_without_clear_scam_request,1,6,1,0,0,0,0,1,0,0
review-0822c98e66707747,msg-29c545e52c9813e635fa,normal,0,0,control,promotion_without_clear_scam_request,1,4,1,0,0,0,0,0,1,0
review-09dc7d3fa6246119,msg-82c1c5902ccf0f6cb441,normal,0,0,control,ordinary_notice_or_conversation_possible,1,4,1,0,0,0,0,0,1,0
review-09f8a52a643bde75,msg-a190594f2bffb92ea5e6,normal,0,0,control,ordinary_notice_or_conversation_possible,1,14,1,0,0,0,0,0,1,0
review-09f9fd98d92b31c5,msg-cbb14d3ea8b4c356543b,smishing,1,0,payment_impersonation,risky_request_visible,1,6,1,0,0,0,0,1,0,0
review-0ba297695cc9a600,msg-593cd80d2ef7e33546ac,normal,0,0,control,ordinary_notice_or_conversation_possible,1,8,1,0,0,0,0,0,1,0
review-0bc7f01b43b4a4f4,msg-4d26af1bd51a813c0839,normal,0,0,control,promotion_without_clear_scam_request,1,8,1,0,0,0,0,0,1,0
review-0bf0da403c12d587,msg-b7800f4db5faf73f5f6d,smishing,1,0,loan_ad,risky_request_visible,1,6,1,1,0,0,0,0,0,0
review-0bfbacbb2760394c,msg-ccf0e6a8ef2af65aced4,smishing,1,0,loan_ad,risky_request_visible,1,6,1,1,0,0,0,0,0,0
review-0c756099e821ef26,msg-3de91ab063f18e6782bf,smishing,1,0,loan_ad,risky_request_visible,1,6,1,1,0,0,0,0,0,0
review-0ce89002b27ae13e,msg-b3850b9d024fcf99c238,normal,0,0,control,ordinary_notice_or_conversation_possible,1,8,1,0,0,0,0,0,1,0
review-0cf62fd6142f6cb4,msg-2c0ffb2240bce4f0412b,smishing,1,0,loan_ad,risky_request_visible,1,8,1,1,0,0,0,0,0,0
review-0d61809b41685d2f,msg-3056e20984e704228691,normal,0,0,control,ordinary_notice_or_conversation_possible,1,11,1,0,0,0,0,0,1,0
review-0d9dd805ae2674a4,msg-f65015ec6d6ca9ef912c,smishing,1,0,messenger_phishing,risky_request_visible,1,8,1,0,1,0,0,0,0,0
review-0ddce31c46b4331c,msg-018ff56a19f05b63f7f1,normal,0,0,control,promotion_without_clear_scam_request,1,8,1,0,0,0,0,0,1,0
review-0e3787ec2948234d,msg-f90fed3e0ba73a7afd40,smishing,1,0,loan_ad,risky_request_visible,1,8,1,1,0,0,0,0,0,0
review-0e9363ce9bcb57c2,msg-a6db8f1ba339b796c36c,smishing,1,0,messenger_phishing,risky_request_visible,1,8,1,1,0,0,0,0,0,0
review-0f5e5787e2464fe3,msg-31a602d9c77f86749c5b,smishing,1,0,loan_ad,risky_request_visible,1,8,1,1,0,0,0,0,0,0
review-0f7f12381c38278e,msg-001d594cae67fd50f532,normal,0,0,control,promotion_without_clear_scam_request,1,8,1,0,0,0,0,0,1,0
review-105735240253acfe,msg-882fdf4a57682ebb0be2,smishing,1,0,messenger_phishing,risky_request_visible,1,16,3,1,1,0,0,1,0,0
review-10dcb33dda6d5472,msg-1de8402778c0caa023de,smishing,1,0,loan_ad,risky_request_visible,1,7,1,1,0,0,0,0,0,0
review-10e329e8873017e2,msg-4d92830c608f0547ddb4,smishing,1,0,payment_impersonation,risky_request_visible,1,7,1,0,0,0,0,1,0,0
review-10f0da95f3fdd21e,msg-58b952e19b37c0bc3c3c,normal,0,0,control,ordinary_notice_or_conversation_possible,1,8,1,0,0,0,0,0,1,0
review-127bc1671c3021e3,msg-b3d3b6b29fae9b4cd139,smishing,1,0,payment_impersonation,risky_request_visible,1,12,1,0,0,0,0,1,0,0
review-12aedba2ef212671,msg-52cabfe559de650270d0,smishing,1,0,loan_ad,risky_request_visible,1,6,2,1,0,0,0,1,0,0
review-131ed5d9023fe8e1,msg-879b8233c4a44252fb2e,normal,0,0,control,promotion_without_clear_scam_request,1,8,1,0,0,0,0,0,1,0
review-137a8d7cde64d50f,msg-b66553208ce35fd6531e,normal,0,0,control,ordinary_notice_or_conversation_possible,1,8,1,0,0,0,0,0,1,0
review-13ce66de75a8d3fc,msg-8827961dbffea331a040,smishing,1,0,loan_ad,risky_request_visible,1,8,2,1,0,0,0,1,0,0
review-13e7350b6f9c843d,msg-6ef4e4d3849c3f2458f9,smishing,1,0,adult_bait,risky_request_visible,1,8,2,0,0,0,1,1,0,0
review-143e404949a72860,msg-9ab97598b92cc2549f26,smishing,1,0,loan_ad,risky_request_visible,1,8,2,1,0,0,0,1,0,0
review-1502532d7fb02e2b,msg-51961afc9b6d2bb950c4,smishing,1,0,payment_impersonation,risky_request_visible,1,10,1,0,0,0,0,1,0,0
review-1538fa93f259c264,msg-1d4f07b23c605c358a53,normal,0,0,control,ordinary_notice_or_conversation_possible,1,10,1,0,0,0,0,0,1,0
review-15f5cb8ca60e63e7,msg-93f6493043538f04abba,smishing,1,0,loan_ad,risky_request_visible,1,6,2,1,0,0,0,1,0,0
review-170c904128c3b75d,msg-44ffbd69abef95d6b971,smishing,1,0,loan_ad,risky_request_visible,1,6,2,1,0,0,0,1,0,0
review-17bb16430527761d,msg-8a95db5cf464c51ec8bb,smishing,1,0,other,risky_request_visible,1,7,3,1,0,0,1,1,0,0
review-1820dec42f5ec2ca,msg-04d0a9cdecc5e27abe30,smishing,1,0,messenger_phishing,risky_request_visible,1,7,2,1,0,0,0,1,0,0
review-19cc4ce8b1dbe415,msg-e9e131d9372380a167cf,smishing,1,0,payment_impersonation,risky_request_visible,1,7,1,0,0,0,0,1,0,0
review-19d11b9f743aa049,msg-58f85354ff60f8afada7,smishing,1,0,loan_ad,risky_request_visible,1,7,2,1,0,0,0,1,0,0
review-1a4aa7992820ca2a,msg-f6bc1ff296dcef8d3f5e,smishing,1,0,loan_ad,risky_request_visible,1,6,2,1,0,0,0,1,0,0
review-1a60e1bd37131802,msg-7347b19b9989a8b7563c,normal,0,0,control,ordinary_notice_or_conversation_possible,2,14,1,0,0,0,0,0,1,0
review-1b01c3e70a5cd621,msg-598291dbde5006fce551,smishing,1,0,other,risky_request_visible,1,25,1,0,0,0,0,1,0,0
review-1b29308cb4906d02,msg-7894af8fe183ef59232f,smishing,1,0,loan_ad,risky_request_visible,1,6,2,1,0,0,0,1,0,0
review-1bcdb8b5e4902f77,msg-6b0f921297bf6036cdd4,normal,0,0,control,ordinary_notice_or_conversation_possible,1,5,1,0,0,0,0,0,1,0
review-1bee5d35c3ae9550,msg-0a348fcb6248b2e02712,smishing,1,0,payment_impersonation,risky_request_visible,1,13,1,0,0,0,0,1,0,0
review-1c32fedd4b32dd06,msg-b3fecdca68993f39816e,normal,0,0,control,promotion_without_clear_scam_request,1,8,1,0,0,0,0,0,1,0
review-1c42c25c32f5bd82,msg-397c7d1d69e93306e43f,smishing,1,0,loan_ad,risky_request_visible,1,8,2,1,0,0,0,1,0,0
review-1cb842404c1056c4,msg-69af923a1b627636ba88,normal,0,0,control,ordinary_notice_or_conversation_possible,1,8,1,0,0,0,0,0,1,0
review-1e450b71c02e190a,msg-fde8fe5d8c4f6fbf52c2,smishing,1,0,agency_impersonation,risky_request_visible,1,10,2,0,0,1,0,1,0,0
review-1e479c4a302f356c,msg-1306cfdbb1eb6413c2f3,smishing,1,0,messenger_phishing,risky_request_visible,1,8,2,1,0,0,0,1,0,0
review-1e68018ab3a2b26e,msg-c93b3c338ad73e40adfd,normal,0,0,control,ordinary_notice_or_conversation_possible,1,8,1,0,0,0,0,0,1,0
review-1ea0789836e39e65,msg-50ce9ce367d7506d1b34,smishing,1,0,loan_ad,risky_request_visible,1,8,2,1,0,0,0,1,0,0
review-1f07a8c7cd26df2c,msg-cada766d88b515618679,normal,0,0,control,insufficient_context,1,4,2,0,0,1,0,1,0,0
review-2015b61fb97f2965,msg-3649a91b276a45d342c6,normal,0,0,control,ordinary_notice_or_conversation_possible,1,8,1,0,0,0,0,0,1,0
review-21e2a2729d0906e0,msg-2f204be55b7d47704b0f,normal,0,0,control,ordinary_notice_or_conversation_possible,1,5,1,0,0,0,0,0,1,0
review-220daefcb5d386ed,msg-e3ec894bf4e93e8c550e,smishing,1,0,messenger_phishing,risky_request_visible,1,7,1,0,0,0,0,1,0,0
review-223ad249b0ed1b08,msg-dbf89313b9ea1ac5b6d3,normal,0,0,control,ordinary_notice_or_conversation_possible,1,5,1,0,0,0,0,0,1,0
review-22f7bb9e3da427de,msg-6f925e06a88f8d1cfd58,smishing,1,0,other,risky_request_visible,1,12,2,0,0,0,1,1,0,0
review-2324027bc353cb29,msg-69cdd029e53ee97a620b,smishing,1,0,loan_ad,risky_request_visible,1,8,2,1,0,0,0,1,0,0
review-23e4e9eb29dd8f93,msg-22e08f4c05ba067b383e,normal,0,0,control,ordinary_notice_or_conversation_possible,1,8,1,0,0,0,0,0,1,0
review-25104a7eec1f7831,msg-f98da8116216cda9e3fe,smishing,1,0,loan_ad,risky_request_visible,1,6,2,1,0,0,0,1,0,0
review-256d1c0f349382b5,msg-b0438b6ad1731edd6ad6,normal,0,0,control,ordinary_notice_or_conversation_possible,1,8,1,0,0,0,0,0,1,0
review-2579df062aafc741,msg-fa2ff4bb2e3dd2a0cead,smishing,1,0,messenger_phishing,risky_request_visible,1,8,2,1,0,0,0,1,0,0
review-25ec7d62ea3d7444,msg-7f85a9711cbc0aa393d6,smishing,1,0,other,risky_request_visible,1,8,1,1,0,0,0,0,0,0
review-260a39866b3feb51,msg-81198fc0b9b05d10f4d1,normal,0,0,control,ordinary_notice_or_conversation_possible,1,5,1,0,0,0,0,0,1,0
review-266fac2cf4f9a2fe,msg-358dbfc77504383312c3,smishing,1,0,loan_ad,risky_request_visible,1,8,2,1,0,0,0,1,0,0
review-2705653809f7ad8f,msg-c847ea1fe73639b29741,normal,0,0,control,ordinary_notice_or_conversation_possible,1,5,1,0,0,0,0,0,1,0
review-270f57eba07d36f4,msg-aa1ffdd49e000415678a,smishing,1,0,loan_ad,risky_request_visible,1,8,2,1,0,0,0,1,0,0
review-2769abe8fc6ffd87,msg-45d3204953ffb0ec89ee,normal,0,0,control,ordinary_notice_or_conversation_possible,1,5,1,0,0,0,0,0,1,0
review-27c93b924b9803a0,msg-18949d0a510e2e71cd5c,smishing,1,0,payment_impersonation,risky_request_visible,1,14,1,0,0,0,0,1,0,0
review-27fee91252ef3d87,msg-0d7a1d02c979a5575363,normal,0,0,control,ordinary_notice_or_conversation_possible,1,5,1,0,0,0,0,0,1,0
review-293586512b140a4e,msg-df9036abd2017f6f6be1,smishing,1,0,messenger_phishing,risky_request_visible,1,9,1,1,0,0,0,0,0,0
review-2953de0d9a6a0ef3,msg-b3fe8c24cdcc85dd4f28,normal,0,0,control,ordinary_notice_or_conversation_possible,1,8,1,0,0,0,0,0,1,0
review-2b3f3a2d3b9504b2,msg-a9571e0d77539178ffc3,normal,0,0,control,ordinary_notice_or_conversation_possible,1,5,1,0,0,0,0,0,1,0
review-2b5a69423072c0ba,msg-258cc86a999cd351f9ca,normal,0,0,control,insufficient_context,1,5,1,0,0,0,0,0,1,0
review-2ba16080ec46773d,msg-24c361e6f72073321220,normal,0,0,control,ordinary_notice_or_conversation_possible,1,5,1,0,0,0,0,0,1,0
review-2d4568421c26bf66,msg-96c30c2332ea6bf5e247,normal,0,0,control,ordinary_notice_or_conversation_possible,1,4,1,0,0,0,0,0,1,0
review-2d707fce0fb4702c,msg-e94fec8af385dc5ff556,normal,0,0,control,ordinary_notice_or_conversation_possible,1,7,1,0,0,0,0,0,1,0
review-2d80e47aaaa42543,msg-207b27eff27f4988fb0f,normal,0,0,control,ordinary_notice_or_conversation_possible,1,5,1,0,0,0,0,0,1,0
review-2dcd34cb42910200,msg-97b2b6ee95ed7d920877,smishing,1,0,messenger_phishing,risky_request_visible,1,13,2,0,0,0,1,1,0,0
review-2dd7b92c08e4f5c4,msg-42c7b3575f8a9da0d8d1,normal,0,0,control,promotion_without_clear_scam_request,1,5,1,0,0,0,0,0,1,0
review-2f31bd2c29ca07dd,msg-4301d7c49f5367242765,normal,0,0,control,ordinary_notice_or_conversation_possible,1,5,1,0,0,0,0,0,1,0
review-300c4c657ef26689,msg-8d4de978440b72ca4a45,normal,0,0,control,ordinary_notice_or_conversation_possible,1,7,1,0,0,0,0,0,1,0
review-30c664d1fb0416d2,msg-4facddef64d2b1d3b592,normal,0,0,control,promotion_without_clear_scam_request,1,5,1,0,0,0,0,0,1,0
review-30d20e067658db39,msg-915558b1d57081861e23,normal,0,0,control,insufficient_context,1,4,1,0,0,0,0,0,0,1
review-30e3bf5a7666c842,msg-2691ca74050fbbc9ed37,smishing,1,0,loan_ad,risky_request_visible,1,6,2,1,0,0,0,1,0,0
review-31a75727a167d60d,msg-f9061a931aba0d307ce6,smishing,1,0,messenger_phishing,risky_request_visible,1,8,2,1,0,0,0,1,0,0
review-322a0c915a6dca98,msg-3d77196a643275284eee,smishing,1,0,loan_ad,risky_request_visible,1,7,2,0,0,0,1,1,0,0
review-326317e54a445bed,msg-df3f29c9891147e7f846,smishing,1,0,loan_ad,risky_request_visible,1,8,1,0,0,0,0,1,0,0
review-3398cc98a1b87648,msg-e33a5ed03522052013db,smishing,1,0,loan_ad,risky_request_visible,1,8,2,1,0,0,0,1,0,0
review-3423b715646fd583,msg-65bffe175e1d5b55382e,smishing,1,0,loan_ad,risky_request_visible,1,7,2,1,0,0,0,1,0,0
review-344682f2618ba8f9,msg-e5b4405ee48a541eecc0,normal,0,0,control,promotion_without_clear_scam_request,1,5,1,0,0,0,0,0,1,0
review-34c4c16cb5ea9aaf,msg-62610653bf85e35feeff,smishing,1,0,loan_ad,risky_request_visible,1,7,2,1,0,0,0,1,0,0
review-363f281df3bd9ba4,msg-36bc461d0aefe348462d,normal,0,0,control,promotion_without_clear_scam_request,1,4,1,0,0,0,0,0,1,0
review-364329807a65a090,msg-0be5e1e2bd038f3a1a24,smishing,1,0,messenger_phishing,risky_request_visible,1,9,1,0,0,0,0,1,0,0
review-36c6682493394c5a,msg-d54e4685cdd8f9aa710a,smishing,1,0,loan_ad,risky_request_visible,1,6,2,1,0,0,0,1,0,0
review-370202b258208735,msg-fc0286653fb100798da2,smishing,1,0,messenger_phishing,risky_request_visible,1,12,2,0,0,0,1,1,0,0
review-37141dd75c3875fc,msg-372c6f62456bfbc0a7d9,normal,0,0,control,ordinary_notice_or_conversation_possible,1,5,1,0,0,0,0,0,1,0
review-3735a715aa425485,msg-5cbba54c59da325a454c,normal,0,0,control,ordinary_notice_or_conversation_possible,1,5,1,0,0,0,0,0,1,0
review-377101d740e3c93a,msg-f91f88e17b85bd740a41,smishing,1,0,loan_ad,risky_request_visible,1,8,2,1,0,0,0,1,0,0
review-37962ff6cab628b9,msg-f745187c052997452a1e,smishing,1,0,loan_ad,risky_request_visible,1,8,2,1,0,0,0,1,0,0
review-37a24da8c91a2014,msg-814c1d043296b3a3b379,smishing,1,0,loan_ad,risky_request_visible,1,8,2,1,0,0,0,1,0,0
review-37bb8af10a6775e3,msg-c1aa2ee82e014406c58e,smishing,1,0,payment_impersonation,insufficient_context,1,3,1,0,0,0,0,0,0,1
review-37c64855b20334c3,msg-000be99f5f9d9c3967c4,normal,0,0,control,insufficient_context,1,26,1,0,0,0,0,0,1,0
review-383246308e1d9552,msg-2536b5c581cb3fe10fe2,normal,0,0,control,risky_request_visible,1,19,1,0,0,0,0,1,0,0
review-39a836fe3d87fa33,msg-758bd093f61744be66f6,normal,0,0,control,ordinary_notice_or_conversation_possible,1,5,1,0,0,0,0,0,1,0
review-39e0fa05577bfbae,msg-551d213c037c9c6eab04,smishing,1,0,loan_ad,risky_request_visible,1,6,2,1,0,0,0,1,0,0
review-3a343dbd60efe3c5,msg-e91ad896bc07a339c9ae,normal,0,0,control,promotion_without_clear_scam_request,1,5,1,0,0,0,0,0,1,0
review-3a3a0c9003eb78d2,msg-9b70e92fb8b03ad7c610,normal,0,0,control,ordinary_notice_or_conversation_possible,1,8,1,0,0,0,0,0,1,0
review-3aa78c267ab21f05,msg-224c0422b0003d17212c,smishing,1,0,payment_impersonation,ordinary_notice_or_conversation_possible,1,5,1,0,0,0,0,0,1,0
review-3abe5c96847ee3b9,msg-e7c4d2ebb04e62e880b5,normal,0,0,control,ordinary_notice_or_conversation_possible,1,4,1,0,0,0,0,0,1,0
review-3b23a85b0e54e4e2,msg-5a59a5ce918f6559e125,normal,0,0,control,promotion_without_clear_scam_request,1,4,1,0,0,0,0,0,1,0
review-3b5a82f01656ae5e,msg-4c9bb8aab19cd59ba6b7,normal,0,0,control,promotion_without_clear_scam_request,1,4,1,0,0,0,0,0,1,0
review-3b5e9306ce7f16f6,msg-75d22609d1f4fae1c474,normal,0,0,control,ordinary_notice_or_conversation_possible,1,5,1,0,0,0,0,0,1,0
review-3c542b2889f7ee41,msg-ab4e24de8042cbea05d6,smishing,1,0,loan_ad,risky_request_visible,1,8,2,1,0,0,0,1,0,0
review-3c6ae33a89ac17a5,msg-c098e4b7c32dc66b6582,smishing,1,0,loan_ad,risky_request_visible,1,8,2,1,0,0,0,1,0,0
review-3ec3c8e07bb7e369,msg-f5bfb9971a76c287fdd5,normal,0,0,control,promotion_without_clear_scam_request,1,5,1,0,0,0,0,0,1,0
review-3f1aad6856711dea,msg-d3a618b40117b1875806,normal,0,0,control,ordinary_notice_or_conversation_possible,1,5,1,0,0,0,0,0,1,0
review-4034e1976e7caf3d,msg-a8f8f501a69d1d5855ba,normal,0,0,control,ordinary_notice_or_conversation_possible,1,5,1,0,0,0,0,0,1,0
review-4056d8996d6573f3,msg-69aa8ae121d262da6c24,smishing,1,1,other,risky_request_visible,1,6,2,0,0,1,0,1,0,0
review-40617332c72b6a65,msg-75bccb25272a125ae624,smishing,1,0,messenger_phishing,risky_request_visible,1,9,1,0,0,0,0,1,0,0
review-40e531a989b5b832,msg-90c8b223c83bae5b9f53,smishing,1,0,loan_ad,risky_request_visible,1,5,2,1,0,0,0,1,0,0
review-40eb85d72dbb3fa3,msg-4273962397b78faae1de,smishing,1,0,loan_ad,risky_request_visible,1,4,2,1,0,0,0,1,0,0
review-40f65d491fbb6c91,msg-29618cee18396e8a8e81,smishing,1,0,payment_impersonation,risky_request_visible,1,12,1,0,0,0,0,1,0,0
review-417d1a94491a5069,msg-a24654d3ad544c08124e,normal,0,0,control,promotion_without_clear_scam_request,1,5,1,0,0,0,0,0,1,0
review-419f917f2243e05b,msg-f80f31e80e69da69dd6c,normal,0,0,control,promotion_without_clear_scam_request,1,5,1,0,0,0,0,0,1,0
review-41e7242cf53f7aec,msg-414effb98a09982ec13d,normal,0,0,control,promotion_without_clear_scam_request,1,4,1,0,0,0,0,0,1,0
review-41ec06c9fc578cef,msg-631fc966e6d1a8ec4785,smishing,1,0,loan_ad,risky_request_visible,1,4,2,1,0,0,0,1,0,0
review-44d5803b821bc077,msg-382f83f816817c259074,smishing,1,0,loan_ad,risky_request_visible,1,4,2,1,0,0,0,1,0,0
review-4532712bae1263a4,msg-f2d213d6e51419f0c0c3,smishing,1,0,loan_ad,risky_request_visible,1,4,2,1,0,0,0,1,0,0
review-46f3555593434e8a,msg-ef6fd44a32790af20571,smishing,1,0,loan_ad,risky_request_visible,1,4,2,1,0,0,0,1,0,0
review-47389333283368dc,msg-32e17f91821e085e067c,smishing,1,0,loan_ad,risky_request_visible,1,4,2,1,0,0,0,1,0,0
review-48f7182245c9e551,msg-a52c445339e75c5638c4,smishing,1,0,payment_impersonation,ordinary_notice_or_conversation_possible,1,5,1,0,0,0,0,0,1,0
review-49230d04e233f44b,msg-88466b364e697e810f29,normal,0,0,control,promotion_without_clear_scam_request,1,4,1,0,0,0,0,0,1,0
review-49a272d982158787,msg-15e2ac02e0ac09e5383b,smishing,1,0,payment_impersonation,risky_request_visible,1,8,1,0,0,0,0,1,0,0
review-49db2f3969f4dab7,msg-d9f951c82ea54b25ac30,normal,0,0,control,promotion_without_clear_scam_request,1,5,1,0,0,0,0,0,1,0
review-4a4a9ac934622b9e,msg-77e7ed6fee4ff6e6b3c0,normal,0,0,control,ordinary_notice_or_conversation_possible,1,5,1,0,0,0,0,0,1,0
review-4a5f226471e5edaf,msg-92eab3c091583e1be9b2,smishing,1,0,other,risky_request_visible,1,4,2,1,0,0,0,1,0,0
review-4aad735ff43af908,msg-d1f2ce6a48cfd3ddc352,smishing,1,0,payment_impersonation,ordinary_notice_or_conversation_possible,1,5,1,0,0,0,0,0,1,0
review-4aafcfede478ed2e,msg-42b716ae90c55a680465,smishing,1,0,loan_ad,risky_request_visible,1,4,2,1,0,0,0,1,0,0
review-4b0f3b3c6f3029e0,msg-095a369060c7ff33c341,smishing,1,0,loan_ad,risky_request_visible,1,4,2,1,0,0,0,1,0,0
review-4b7d3212a375f3c3,msg-e32c03f7fd12569b45d4,smishing,1,0,payment_impersonation,risky_request_visible,1,5,1,0,0,0,0,1,0,0
review-4bb32c9d9587eb5b,msg-32a5ea1e4acbac97b230,smishing,1,0,messenger_phishing,risky_request_visible,1,15,2,1,0,0,0,1,0,0
review-4bc7fe6f6685e5b0,msg-6a306e2d77b134423cff,smishing,1,0,loan_ad,risky_request_visible,1,4,2,1,0,0,0,1,0,0
review-4be490099efed608,msg-1ba73bfe47e950778408,smishing,1,0,loan_ad,risky_request_visible,1,4,2,1,0,0,0,1,0,0
review-4c1327797f738c0f,msg-c623d83809d140a75f70,normal,0,0,control,ordinary_notice_or_conversation_possible,1,5,1,0,0,0,0,0,1,0
review-4c45e2acc43cd09c,msg-240d23c05338edc37d89,smishing,1,0,loan_ad,risky_request_visible,1,4,2,1,0,0,0,1,0,0
review-4c7db89388133c66,msg-b366110e17c486b16b15,normal,0,0,control,ordinary_notice_or_conversation_possible,1,5,1,0,0,0,0,0,1,0
review-4c7f2895cbdfff17,msg-b6d879d72eac72ef59ac,smishing,1,0,loan_ad,risky_request_visible,1,5,2,1,0,0,0,1,0,0
review-4cbabc8906c81322,msg-0ed0bfb82462e09cd15a,smishing,1,0,loan_ad,risky_request_visible,1,5,2,1,0,0,0,1,0,0
review-4db7bde369258db0,msg-6dd03ec5f1c618ada2c5,smishing,1,0,messenger_phishing,risky_request_visible,1,11,2,0,1,0,0,1,0,0
review-4dee15ae26647c57,msg-12bf543cc6f8c5b10b0a,normal,0,0,control,ordinary_notice_or_conversation_possible,1,11,1,0,0,0,0,0,1,0
review-4e91758f8be8575d,msg-2a7f43ae7fa422fefb9b,smishing,1,0,messenger_phishing,risky_request_visible,1,16,3,1,1,0,0,1,0,0
review-50913d75a97def28,msg-59fc050be5af6ecad8a5,smishing,1,0,payment_impersonation,risky_request_visible,1,28,1,0,0,0,0,1,0,0
review-50c65fd60929a11c,msg-76755bc4cf7a9223f1f5,smishing,1,0,loan_ad,risky_request_visible,1,5,2,1,0,0,0,1,0,0
review-50eaadd4d0f17b7f,msg-7ebb94a273063e6a25f7,normal,0,0,control,ordinary_notice_or_conversation_possible,1,6,1,0,0,0,0,0,1,0
review-5155bcd98221f6df,msg-260f9a35da3e12d1699f,normal,0,0,control,ordinary_notice_or_conversation_possible,1,7,1,0,0,0,0,0,1,0
review-5176dde30e249277,msg-a95d096bdce327f3ec58,normal,0,0,control,ordinary_notice_or_conversation_possible,1,14,1,0,0,0,0,0,1,0
review-5192f26c12526af0,msg-46cf015971a39796118d,normal,0,0,control,risky_request_visible,1,9,1,0,0,0,0,1,0,0
review-5201c5937ee64b08,msg-bb5a4640eee306e11287,smishing,1,0,messenger_phishing,risky_request_visible,1,17,1,0,0,0,0,1,0,0
review-5351da806d5c8862,msg-56c6f7e6fe95f4eaf8db,normal,0,0,control,ordinary_notice_or_conversation_possible,1,10,1,0,0,0,0,0,1,0
review-5377c60609e6da5b,msg-8b1102ff17fc69b09f1b,smishing,1,1,payment_impersonation,risky_request_visible,1,10,2,0,0,1,1,0,0,0
review-53c35a92e8d9dc2a,msg-d521b3868f2aa0b03976,normal,0,0,control,ordinary_notice_or_conversation_possible,1,12,1,0,0,0,0,0,1,0
review-53cc92ecebb430c9,msg-e602e76abd3350bfd137,normal,0,0,control,ordinary_notice_or_conversation_possible,1,5,1,0,0,0,0,0,1,0
review-543aeb75302230e1,msg-7e2ff44dc281462ddd2c,normal,0,0,control,ordinary_notice_or_conversation_possible,1,14,1,0,0,0,0,0,1,0
review-545d35ba143011e5,msg-fe80fc54d234587af050,normal,0,0,control,ordinary_notice_or_conversation_possible,1,5,1,0,0,0,0,0,1,0
review-54a4b61c2ddb946a,msg-d867888f40ccdc430a1d,normal,0,0,control,promotion_without_clear_scam_request,1,5,1,0,0,0,0,0,1,0
review-55155ad766375eb6,msg-2512e3e666de174caf80,normal,0,0,control,promotion_without_clear_scam_request,1,5,1,0,0,0,0,0,1,0
review-5582aae305ae4193,msg-50997c3a965c36ff8cbc,normal,0,0,control,promotion_without_clear_scam_request,1,5,1,0,0,0,0,0,1,0
review-55839cdd8c1c65c6,msg-7bc3eb6f8e2897ba9d73,normal,0,0,control,promotion_without_clear_scam_request,1,5,1,0,0,0,0,0,1,0
review-563b94c3e75e8c6d,msg-3943c098759d93b5d20b,smishing,1,0,job_scam,risky_request_visible,1,9,1,0,0,0,0,1,0,0
review-56f61182338ec612,msg-791874081029523d4d1d,smishing,1,0,messenger_phishing,risky_request_visible,1,9,1,0,0,0,0,1,0,0
review-572c07846f21e2ba,msg-5c8a3583b29803350025,normal,0,0,control,ordinary_notice_or_conversation_possible,1,14,1,0,0,0,0,0,1,0
review-573127865357f88a,msg-6f84d9cc313db045b133,normal,0,0,control,ordinary_notice_or_conversation_possible,1,14,1,0,0,0,0,0,1,0
review-5784e41a45931326,msg-f2c24a6dc6cb602f2b03,smishing,1,0,loan_ad,risky_request_visible,1,5,2,1,0,0,0,1,0,0
review-588539dd497a5994,msg-eb5f2cc2527297a7b5a3,smishing,1,0,other,risky_request_visible,1,4,1,0,0,0,0,1,0,0
review-591262c8bdf0034a,msg-1cfca21a07370919433a,smishing,1,0,loan_ad,ordinary_notice_or_conversation_possible,1,5,1,0,0,0,0,0,1,0
review-5915bce9f0ed137d,msg-e395baa51463221daebc,normal,0,0,control,insufficient_context,1,7,1,0,0,0,0,0,0,1
review-5a021883af9f96ea,msg-156bbfc36ff5805e450a,normal,0,0,control,promotion_without_clear_scam_request,1,5,1,0,0,0,0,0,1,0
review-5a49e43857a6f8f0,msg-a4b7e6d3b527691e9a05,smishing,1,0,messenger_phishing,risky_request_visible,1,12,2,1,0,0,0,1,0,0
review-5a7aed2fa9914ccd,msg-c51a29b00765bbce70ab,normal,0,0,control,ordinary_notice_or_conversation_possible,1,14,1,0,0,0,0,0,1,0
review-5a9261ed8c81a5c6,msg-dda62389e8fe6499fde9,normal,0,0,control,ordinary_notice_or_conversation_possible,1,14,1,0,0,0,0,0,1,0
review-5b0c0204dc451747,msg-31f308081fb21c6e8f09,smishing,1,0,loan_ad,risky_request_visible,1,5,2,1,0,0,0,1,0,0
review-5b38287421b21063,msg-2eacbbd745e21908f221,normal,0,0,control,ordinary_notice_or_conversation_possible,1,14,1,0,0,0,0,0,1,0
review-5b8a47398769e7ef,msg-380c22214f611250512c,normal,0,0,control,ordinary_notice_or_conversation_possible,1,14,1,0,0,0,0,0,1,0
review-5bd99d54544ce7e3,msg-9517e9c73490ca66a042,normal,0,0,control,promotion_without_clear_scam_request,1,5,1,0,0,0,0,0,1,0
review-5c5069cca8a5add0,msg-0efb0ebfb655d5c5c6d3,normal,0,0,control,promotion_without_clear_scam_request,1,5,1,0,0,0,0,0,1,0
review-5c8fb855522635b0,msg-8583f1e4ed2f6a4435f1,normal,0,0,control,ordinary_notice_or_conversation_possible,1,5,1,0,0,0,0,0,1,0
review-5cdeba2735509611,msg-ae080cc622858f685d5a,smishing,1,0,loan_ad,risky_request_visible,1,14,2,1,0,0,0,1,0,0
review-5d4e3193863f1946,msg-02ba53db573bb7d15551,smishing,1,0,messenger_phishing,risky_request_visible,1,13,2,1,0,0,0,1,0,0
review-5f54bbc511caaded,msg-542efb3f41bad8a46794,normal,0,0,control,ordinary_notice_or_conversation_possible,1,5,1,0,0,0,0,0,1,0
review-5f5dd240c73902fa,msg-702b7967e690569fc457,normal,0,0,control,promotion_without_clear_scam_request,1,5,1,0,0,0,0,0,1,0
review-5fad6c92922b1924,msg-d7ae6177f242cd43abef,normal,0,0,control,insufficient_context,1,7,1,0,0,0,0,0,0,1
review-6036afa1a4a219c3,msg-9bf6c95f6dc633dd8819,normal,0,0,control,ordinary_notice_or_conversation_possible,1,14,1,0,0,0,0,0,1,0
review-613647025d825449,msg-c2dbf3f9ef08a79aafdb,normal,0,0,control,ordinary_notice_or_conversation_possible,1,14,1,0,0,0,0,0,1,0
review-61fef2c9ced4f942,msg-660c2fd797c40f8e55ca,normal,0,0,control,ordinary_notice_or_conversation_possible,1,5,1,0,0,0,0,0,1,0
review-6236e7e3fd2a54c8,msg-03b2efa63efb18f3f74e,normal,0,0,control,ordinary_notice_or_conversation_possible,1,5,1,0,0,0,0,0,1,0
review-6260263e3bc9f334,msg-549f98d3604f2acece98,smishing,1,0,loan_ad,risky_request_visible,1,5,2,1,0,0,0,1,0,0
review-63bef8982e454a02,msg-c75749a34e08d00a62cd,smishing,1,0,messenger_phishing,risky_request_visible,1,14,2,1,0,0,0,1,0,0
review-63ea5eac0fdbfe2f,msg-f9613a09341e642b64ae,smishing,1,0,loan_ad,risky_request_visible,1,5,2,1,0,0,0,1,0,0
review-65037cf8dfccb4af,msg-4a1016a531744e654831,normal,0,0,control,promotion_without_clear_scam_request,1,4,1,0,0,0,0,0,1,0
review-6521774e33af014d,msg-9b1f08af6e0ef529c373,normal,0,0,control,ordinary_notice_or_conversation_possible,1,5,1,0,0,0,0,0,1,0
review-65c507e4203143d6,msg-fa95489fe7c0dfeb2251,smishing,1,0,loan_ad,risky_request_visible,1,5,2,1,0,0,0,1,0,0
review-65fde99e6e05f377,msg-4cb8c149ce6f9aed0469,smishing,1,0,loan_ad,risky_request_visible,1,5,2,1,0,0,0,1,0,0
review-66516cd6e1b084bc,msg-a67739cacf95ee18716c,normal,0,0,control,ordinary_notice_or_conversation_possible,1,5,1,0,0,0,0,0,1,0
review-66ef57282af71d4f,msg-f51c8c7132e5405088dd,normal,0,0,control,ordinary_notice_or_conversation_possible,1,14,1,0,0,0,0,0,1,0
review-6742e699b2c19637,msg-5e8796780c062e86063b,smishing,1,0,job_scam,promotion_without_clear_scam_request,1,5,1,0,0,0,0,0,1,0
review-6925d1d5c92f5e6d,msg-44953d9e4eb6da25905d,normal,0,0,control,ordinary_notice_or_conversation_possible,1,5,1,0,0,0,0,0,1,0
review-6938cc7e883cfae5,msg-d0b351454bf1078555ca,smishing,1,0,other,risky_request_visible,1,8,2,1,0,0,0,1,0,0
review-6a3da5bb1cbb35c3,msg-c4c6b04cd9f64fdb2a1a,smishing,1,0,job_scam,risky_request_visible,1,5,1,0,0,0,0,1,0,0
review-6ae02f39f51553d5,msg-6ea3d783002f06a87f20,smishing,1,0,messenger_phishing,risky_request_visible,1,12,2,0,1,0,0,1,0,0
review-6b23a95e54455bfe,msg-7e73260daff23015e769,smishing,1,0,payment_impersonation,risky_request_visible,1,8,1,0,0,0,0,1,0,0
review-6b90760350513e04,msg-f20701505d9754bbd32d,normal,0,0,control,ordinary_notice_or_conversation_possible,1,5,1,0,0,0,0,0,1,0
review-6c345dd95982d152,msg-6abd20ac3d54a1acb08f,smishing,1,0,messenger_phishing,risky_request_visible,1,9,1,0,0,0,0,1,0,0
review-6c7372dc6724ef49,msg-fd7adb6f5bdba22704bd,normal,0,0,control,ordinary_notice_or_conversation_possible,1,14,1,0,0,0,0,0,1,0
review-6c9e3e62bbb95763,msg-a6d506945e9b701052e1,smishing,1,0,payment_impersonation,risky_request_visible,1,14,1,0,0,0,0,1,0,0
review-6d70e00c3a0eb212,msg-78ebe7ba8de3e6f59138,normal,0,0,control,risky_request_visible,1,4,1,0,0,0,0,1,0,0
review-6e51f1a0ccb981e6,msg-58425ae1f35d0d6e8f6c,smishing,1,0,loan_ad,risky_request_visible,1,4,2,1,0,0,0,1,0,0
review-6ee455a4c31c9039,msg-9207c6b7c6c694beab91,normal,0,0,control,promotion_without_clear_scam_request,1,5,1,0,0,0,0,0,1,0
review-6f695f49e7ab13e0,msg-8356b29b26dab4a93304,normal,0,0,control,ordinary_notice_or_conversation_possible,1,4,1,0,0,0,0,0,1,0
review-70dad336d995a509,msg-00cd858afe8ef2de5fd3,normal,0,0,control,ordinary_notice_or_conversation_possible,1,5,1,0,0,0,0,0,1,0
review-71bc6120e1507254,msg-b460f3c8ac1fe936b354,smishing,1,0,loan_ad,risky_request_visible,1,5,2,1,0,0,0,1,0,0
review-722fa17d1953465a,msg-b3fb5a0a6aea14d37b31,smishing,1,0,loan_ad,risky_request_visible,1,5,2,1,0,0,0,1,0,0
review-737f8fd0571ce3c6,msg-c41cc6431e9d998e3d0b,smishing,1,0,payment_impersonation,insufficient_context,1,7,1,0,0,0,0,0,0,1
review-747ccc19ddd0a65f,msg-2b77caba18e48a22b597,normal,0,0,control,ordinary_notice_or_conversation_possible,1,14,1,0,0,0,0,0,1,0
review-7493575c90062c41,msg-e84d76b6ef43a1d586a7,normal,0,0,control,promotion_without_clear_scam_request,1,5,1,0,0,0,0,0,1,0
review-7494a9906bb71039,msg-6f6bbab188df73ce6c08,normal,0,0,control,promotion_without_clear_scam_request,1,5,2,0,0,0,1,1,0,0
review-755768c5838e2f29,msg-e2997981817c30d525be,smishing,1,0,loan_ad,risky_request_visible,1,4,2,1,0,0,0,1,0,0
review-75ab06f0d698d679,msg-f273e56e9277fab3062d,smishing,1,0,payment_impersonation,risky_request_visible,1,10,1,0,0,0,0,1,0,0
review-75f8aea8c65c0cb2,msg-944b6913babee30e1aa4,smishing,1,0,loan_ad,risky_request_visible,1,5,2,1,0,0,0,1,0,0
review-76a47d926f91413e,msg-81c59d9e2363e29c4af7,normal,0,0,control,ordinary_notice_or_conversation_possible,1,14,1,0,0,0,0,0,1,0
review-76f98d8733690feb,msg-34b43fdf59308e46e47d,normal,0,0,control,risky_request_visible,1,9,1,0,0,0,0,1,0,0
review-7794b3bc9bc0c3a1,msg-a2db1c36a4678988377c,normal,0,0,control,ordinary_notice_or_conversation_possible,1,5,1,0,0,0,0,0,1,0
review-77b394cbe6e1dc4b,msg-168706cc9aaa2ee44f65,normal,0,0,control,ordinary_notice_or_conversation_possible,1,5,1,0,0,0,0,0,1,0
review-787b7c042622aae0,msg-b3943f3bacab6f799477,normal,0,0,control,promotion_without_clear_scam_request,1,5,1,0,0,0,0,0,1,0
review-790151d3979b5cf2,msg-05a81159578289c50343,normal,0,0,control,ordinary_notice_or_conversation_possible,1,14,1,0,0,0,0,0,1,0
review-7977c3d1276873c7,msg-68e127127a540d65f679,normal,0,0,control,ordinary_notice_or_conversation_possible,1,5,1,0,0,0,0,0,1,0
review-7a761126add20b55,msg-14afe15514eab65aba06,smishing,1,0,loan_ad,risky_request_visible,1,5,2,1,0,0,0,1,0,0
review-7aed3e349c71aa1c,msg-93087cebe3aa7340ffc8,smishing,1,0,loan_ad,risky_request_visible,1,4,2,1,0,0,0,1,0,0
review-7b32c18f837c52f3,msg-906c8805c776e5912484,normal,0,0,control,risky_request_visible,1,9,1,0,0,0,0,1,0,0
review-7b9d338bf5cd4bdc,msg-733b60f36694b02ec836,normal,0,0,control,ordinary_notice_or_conversation_possible,1,14,1,0,0,0,0,0,1,0
review-7bc2e45e3ffc6c78,msg-b62543444f94f00ab76a,normal,0,0,control,ordinary_notice_or_conversation_possible,1,14,1,0,0,0,0,0,1,0
review-7c0605262829dbc3,msg-c35aa37c11bf43b745cb,smishing,1,0,loan_ad,risky_request_visible,1,5,2,1,0,0,0,1,0,0
review-7cbff1d715e4b2f0,msg-565ddb5f77c920c58378,normal,0,0,control,promotion_without_clear_scam_request,1,5,1,0,0,0,0,0,1,0
review-7d4271562f20ae7d,msg-0f3c1de813a299c535f9,normal,0,0,control,promotion_without_clear_scam_request,1,5,1,0,0,0,0,0,1,0
review-7d723e9bf1b824f5,msg-87a76d50e35b48e41218,smishing,1,0,payment_impersonation,risky_request_visible,1,16,1,0,0,0,0,1,0,0
review-7e4208c3a8d81d5e,msg-51e93ba561b9d389f5a6,normal,0,0,control,ordinary_notice_or_conversation_possible,1,5,1,0,0,0,0,0,1,0
review-8039ca8a8d71147c,msg-d7d609114f737190d087,smishing,1,0,messenger_phishing,risky_request_visible,1,9,1,0,0,0,0,1,0,0
review-80aaf5285dff5d52,msg-f5342ad5453afafa654a,normal,0,0,control,promotion_without_clear_scam_request,1,5,1,0,0,0,0,0,1,0
review-80c5a8d505a86e25,msg-0d11f1b2d5dd7fb1934a,normal,0,0,control,ordinary_notice_or_conversation_possible,1,5,1,0,0,0,0,0,1,0
review-81b1a3bc8dfb1982,msg-4ab82cc3b14da8846e8f,normal,0,0,control,ordinary_notice_or_conversation_possible,1,5,1,0,0,0,0,0,1,0
review-81db582ab9c83a7d,msg-2a0582fa3234a2d63356,normal,0,0,control,risky_request_visible,1,5,2,1,0,0,0,1,0,0
review-833c087c0ab5f903,msg-9fd68b8a09c8f103465e,smishing,1,0,payment_impersonation,insufficient_context,1,18,1,0,0,0,0,1,0,0
review-83bf04c6b634cf0b,msg-b677ced3e884ac5d5c3c,normal,0,0,control,promotion_without_clear_scam_request,1,5,1,0,0,0,0,0,1,0
review-83fb52312abeb4ec,msg-57b110c902b64420f7db,smishing,1,0,loan_ad,risky_request_visible,1,5,2,1,0,0,0,1,0,0
review-8408e233d5c05195,msg-61e1958480c0e2e496e5,normal,0,0,control,ordinary_notice_or_conversation_possible,1,11,1,0,0,0,0,0,1,0
review-85ef908a3e61f2a2,msg-30572cea27e54ac2130b,normal,0,0,control,ordinary_notice_or_conversation_possible,1,11,1,0,0,0,0,0,1,0
review-869ed6a92825209e,msg-ebf36f8049d0506e786b,smishing,1,0,loan_ad,risky_request_visible,1,5,2,1,0,0,0,1,0,0
review-87280a48b9739e82,msg-a277748568204738c928,smishing,1,0,messenger_phishing,risky_request_visible,1,9,2,0,0,0,1,1,0,0
review-87ca5145bb1464ea,msg-69d76db7edd5a86af1d7,normal,0,0,control,promotion_without_clear_scam_request,1,4,1,0,0,0,0,0,1,0
review-87fb862754461a9e,msg-0d54c7b740e366837504,normal,0,0,control,promotion_without_clear_scam_request,1,5,1,0,0,0,0,0,1,0
review-8815f8f3d2cf8ddd,msg-c411a659d87891c23018,normal,0,0,control,ordinary_notice_or_conversation_possible,1,5,1,0,0,0,0,0,1,0
review-8858113ca39c4a08,msg-8e807a0816ba58157c7b,smishing,1,0,loan_ad,risky_request_visible,1,5,2,1,0,0,0,1,0,0
review-8a9635c815342586,msg-5b3252b8d919d9dfa5c2,smishing,1,0,loan_ad,risky_request_visible,1,5,2,1,0,0,0,1,0,0
review-8a9a3331b5fa55b8,msg-c77a2ab7f5ebcb835ce1,normal,0,0,control,ordinary_notice_or_conversation_possible,1,5,1,0,0,0,0,0,1,0
review-8ac3c67723460772,msg-7a0a306167abc3b72d8c,normal,0,0,control,ordinary_notice_or_conversation_possible,1,11,1,0,0,0,0,0,1,0
review-8acb2fdf0b998c44,msg-442633ffd7cc37f8a891,smishing,1,0,other,risky_request_visible,1,4,2,1,0,0,0,1,0,0
review-8b051b87b72136a4,msg-8a4662fd944d66f460fd,smishing,1,0,loan_ad,risky_request_visible,1,5,1,0,0,0,0,1,0,0
review-8c0239752664c9f7,msg-ebc9f34f94af5eeb68f0,smishing,1,0,other,risky_request_visible,1,9,1,0,0,0,0,1,0,0
review-8c3afec16f00c8ea,msg-6173af161b27fe6f4ce6,normal,0,0,control,ordinary_notice_or_conversation_possible,1,5,1,0,0,0,0,0,1,0
review-8c9379e6d07693b9,msg-be03c5915bdd7e2e4314,smishing,1,0,messenger_phishing,risky_request_visible,1,10,2,0,1,0,0,1,0,0
review-8e3e294dce3f381b,msg-5d0a2376083daf8a9bde,normal,0,0,control,ordinary_notice_or_conversation_possible,1,5,1,0,0,0,0,0,1,0
review-8f6994cbd2075acd,msg-47b3b6a2b2a28bdf7fb9,smishing,1,0,loan_ad,risky_request_visible,1,5,2,1,0,0,0,1,0,0
review-8f7e5118fc4a9d93,msg-54a310f893f9630cdab4,smishing,1,0,loan_ad,risky_request_visible,1,4,2,1,0,0,0,1,0,0
review-901aa5f6d890357c,msg-74012a11f8d7a0e2cbd2,smishing,1,0,loan_ad,risky_request_visible,1,5,2,1,0,0,0,1,0,0
review-904be5b534ca4342,msg-2c7b345bbea477990d91,normal,0,0,control,ordinary_notice_or_conversation_possible,1,11,1,0,0,0,0,0,1,0
review-92026380db179cfa,msg-11b3b10960d7a9f4d101,smishing,1,0,messenger_phishing,risky_request_visible,1,9,1,0,0,0,0,1,0,0
review-92a8bdc500ce598c,msg-b0731c666ab671570088,smishing,1,0,loan_ad,risky_request_visible,1,5,2,1,0,0,0,1,0,0
review-92e977f1b9f64cdd,msg-3deb3a161a23b32aea25,smishing,1,0,messenger_phishing,risky_request_visible,1,9,1,0,0,0,0,1,0,0
review-936c9b094a62d464,msg-c8e57aa3882734555677,normal,0,0,control,ordinary_notice_or_conversation_possible,1,5,1,0,0,0,0,0,1,0
review-93d84a89e42aa2d2,msg-08ce7d2baeca7acc8b65,smishing,1,0,messenger_phishing,risky_request_visible,1,20,2,1,0,0,0,1,0,0
review-93e39f35ad377da3,msg-64cdca546bafdc9324f0,normal,0,0,control,ordinary_notice_or_conversation_possible,1,5,1,0,0,0,0,0,1,0
review-93f251b7f415320e,msg-25125973e3120d610fce,smishing,1,0,other,risky_request_visible,1,5,2,1,0,0,0,1,0,0
review-9440c7b20214abb9,msg-e326b0533522ecb322de,smishing,1,0,other,risky_request_visible,1,4,2,1,0,0,0,1,0,0
review-94b8ffc8b0784e28,msg-75d8feb50109f84a12cc,normal,0,0,control,ordinary_notice_or_conversation_possible,1,4,1,0,0,0,0,0,1,0
review-95ab42239fb052e7,msg-5052c7243f9985cc9bcf,normal,0,0,control,promotion_without_clear_scam_request,1,5,1,0,0,0,0,0,1,0
review-95b51a345d37bf9b,msg-1c7e06763517aa4b43bf,smishing,1,0,loan_ad,risky_request_visible,1,5,2,1,0,0,0,1,0,0
review-95c15e2125e8158e,msg-0afc2595ae8ed75b8bb8,smishing,1,0,loan_ad,risky_request_visible,1,4,2,1,0,0,0,1,0,0
review-962656fa6b00f587,msg-cce4c00da9a7d9f77c32,normal,0,0,control,promotion_without_clear_scam_request,1,5,1,0,0,0,0,0,1,0
review-96be0a4e61349470,msg-04b55107c00ee5b070d9,smishing,1,0,loan_ad,risky_request_visible,1,4,2,1,0,0,0,1,0,0
review-973274a88b5aa1db,msg-706b91df031716838257,normal,0,0,control,ordinary_notice_or_conversation_possible,1,11,1,0,0,0,0,0,1,0
review-9751bc751be6b57c,msg-64a843bec3f3dce4ee45,smishing,1,0,messenger_phishing,risky_request_visible,1,8,1,0,0,0,0,1,0,0
review-9762bd209b88d2ac,msg-891bb14bf560270521ca,smishing,1,0,messenger_phishing,risky_request_visible,1,8,2,0,0,0,1,1,0,0
review-97b3b26bd7e8a65a,msg-359327bd4e7edc3cb5ba,normal,0,0,control,insufficient_context,1,6,1,0,0,0,0,0,0,1
review-97dbf9fb83d5fd0a,msg-6301a4730ee412e86a8c,normal,0,0,control,promotion_without_clear_scam_request,1,5,1,0,0,0,0,0,1,0
review-97eb58f77becd57e,msg-991e31887c4954366165,normal,0,0,control,promotion_without_clear_scam_request,1,5,1,0,0,0,0,0,1,0
review-9827872ee45caecd,msg-6632bfd7a0b259199dcf,smishing,1,0,loan_ad,risky_request_visible,1,5,2,1,0,0,0,1,0,0
review-982aea7aee2bfd5b,msg-3189e01199a2f10ad163,smishing,1,0,loan_ad,risky_request_visible,1,5,2,1,0,0,0,1,0,0
review-9833d3f3d2c07833,msg-d787f40cfc7dbbe6778f,smishing,1,0,messenger_phishing,risky_request_visible,1,8,2,1,0,0,0,1,0,0
review-9848e1bfbd07911c,msg-f2873d2e33fdffabc808,normal,0,0,control,ordinary_notice_or_conversation_possible,1,4,1,0,0,0,0,0,1,0
review-98f41617c328173b,msg-c51643d14946078e7d57,smishing,1,0,loan_ad,risky_request_visible,1,5,2,1,0,0,0,1,0,0
review-98f9751b78a4c31e,msg-06b44744cbf1ec56130e,normal,0,0,control,ordinary_notice_or_conversation_possible,1,5,1,0,0,0,0,0,1,0
review-99553665d7fa8d60,msg-ec2c63de47e93d56888f,normal,0,0,control,ordinary_notice_or_conversation_possible,1,11,1,0,0,0,0,0,1,0
review-9955e43648119f93,msg-c9f03e64293fb8bae46b,smishing,1,0,loan_ad,risky_request_visible,2,24,2,1,0,0,0,1,0,0
review-9a3f12ca280a1c8a,msg-9865307d8d5cb09874f2,normal,0,0,control,promotion_without_clear_scam_request,2,21,1,0,0,0,0,1,0,0
review-9a4ea6655a8a5a4f,msg-df3170271394537db9ca,normal,0,0,control,promotion_without_clear_scam_request,2,28,1,0,0,0,0,0,1,0
review-9a6d46e3500865e5,msg-db804cd0d3465516e4ad,smishing,1,0,payment_impersonation,risky_request_visible,2,28,1,0,0,0,0,1,0,0
review-9ad68457d5c5ddfe,msg-ff1e050906d7cfd80b2a,smishing,1,0,messenger_phishing,risky_request_visible,2,16,1,1,0,0,0,0,0,0
review-9bf729353718fab4,msg-9ce453dc5d619e51234f,normal,0,0,control,ordinary_notice_or_conversation_possible,2,23,1,0,0,0,0,0,1,0
review-9c83743cb64ceb5e,msg-dc4ff0d2d722a2c6cbac,normal,0,0,control,ordinary_notice_or_conversation_possible,2,19,1,0,0,0,0,0,1,0
review-9c94f8c84f214457,msg-79fa0f109f0555707dca,smishing,1,0,messenger_phishing,risky_request_visible,2,29,1,1,0,0,0,0,0,0
review-9ca002eef5fabf4c,msg-a8d5485f9438f3ab5181,normal,0,0,control,ordinary_notice_or_conversation_possible,2,23,1,0,0,0,0,0,1,0
review-9d4c0bc5bb2de352,msg-7f6ef3389d8815ed454b,smishing,1,0,other,risky_request_visible,2,24,2,1,0,0,0,1,0,0
review-9db42b53975f21ce,msg-d44b95e16930e223469c,normal,0,0,control,promotion_without_clear_scam_request,2,28,1,0,0,0,0,0,1,0
review-9dcbf9222596e8de,msg-142bb92fb41d9cbcef5f,normal,0,0,control,ordinary_notice_or_conversation_possible,2,26,1,0,0,0,0,0,1,0
review-9e59560a7b1c6aa2,msg-32ce2bf355f633f0fee5,smishing,1,0,payment_impersonation,promotion_without_clear_scam_request,2,28,1,0,0,0,0,0,1,0
review-9e77e04ddb3e3ff6,msg-374fc9d1a57bc673b881,smishing,1,0,loan_ad,risky_request_visible,2,24,2,1,0,0,0,1,0,0
review-9ec13abc1ec360b9,msg-053785582f2d9ed1abb9,normal,0,0,control,ordinary_notice_or_conversation_possible,2,19,1,0,0,0,0,0,1,0
review-a00070320560c3ff,msg-eaeafeff80833a0c2e24,normal,0,0,control,risky_request_visible,2,24,2,1,0,0,0,1,0,0
review-a003a34f2b7224ae,msg-ed3a4e31c52d999f2ab4,normal,0,0,control,ordinary_notice_or_conversation_possible,2,23,1,0,0,0,0,0,1,0
review-a0157c7c504b2713,msg-75bb93c54e7c03e2de6b,smishing,1,0,loan_ad,risky_request_visible,2,8,1,1,0,0,0,0,0,0
review-a077aa771a77e44f,msg-a37b49f0af9136126259,normal,0,0,control,ordinary_notice_or_conversation_possible,2,27,1,0,0,0,0,0,1,0
review-a07cfcb07490d311,msg-5ce84ad96d59a95604b7,smishing,1,0,loan_ad,risky_request_visible,2,8,2,1,0,0,0,1,0,0
review-a0abc212fe654fe2,msg-e8f6c41fc42d524da26b,smishing,1,0,loan_ad,risky_request_visible,2,5,2,1,0,0,0,1,0,0
review-a1325d40440edcad,msg-b68194dccdbc6eeaa462,normal,0,0,control,ordinary_notice_or_conversation_possible,2,19,1,0,0,0,0,0,1,0
review-a17319837ff0f25f,msg-3c260868d8790e3220b2,smishing,1,0,loan_ad,risky_request_visible,2,5,2,1,0,0,0,1,0,0
review-a1b685810c820047,msg-46ca64892a1c3e660136,smishing,1,0,loan_ad,risky_request_visible,2,6,2,1,0,0,0,1,0,0
review-a1c208b7e2a31834,msg-cfebfff6180461481c77,smishing,1,0,messenger_phishing,risky_request_visible,2,23,1,0,0,0,0,1,0,0
review-a31dcf3587c938e0,msg-69f98ce7e1a685df8515,smishing,1,0,messenger_phishing,risky_request_visible,2,23,1,1,0,0,0,0,0,0
review-a3348ee784bf419a,msg-ff64a4e11508a5dc7000,smishing,1,0,loan_ad,risky_request_visible,2,24,2,1,0,0,0,1,0,0
review-a3b8e31a589bfbf6,msg-72b62dcb8e0666cea243,smishing,1,0,loan_ad,risky_request_visible,2,24,2,1,0,0,0,1,0,0
review-a55cc489390f4d15,msg-a11408f53fc97d32784a,smishing,1,0,loan_ad,risky_request_visible,2,24,2,1,0,0,0,1,0,0
review-a5c8844b07d15249,msg-080a80350fda25ee4181,smishing,1,0,loan_ad,risky_request_visible,2,24,2,1,0,0,0,1,0,0
review-a5e01613dff9b90c,msg-5f72ce400186780556af,normal,0,0,control,promotion_without_clear_scam_request,2,5,1,0,0,0,0,0,1,0
review-a737e63e0af5d4ad,msg-58763f1db8c40f82f590,normal,0,0,control,promotion_without_clear_scam_request,2,4,1,0,0,0,0,0,1,0
review-a884f7c925b47633,msg-0d319b74ea12c910e557,smishing,1,0,loan_ad,risky_request_visible,2,24,2,1,0,0,0,1,0,0
review-a8b302c46a81110b,msg-a923033b51733c278a32,normal,0,0,control,ordinary_notice_or_conversation_possible,2,20,1,0,0,0,0,0,1,0
review-a93e9d44999fbedb,msg-7a5a0ef1560dbc98423a,normal,0,0,control,ordinary_notice_or_conversation_possible,2,17,1,0,0,0,0,0,1,0
review-a966f0861f64ccf4,msg-730ac32bb52515f362b7,smishing,1,0,payment_impersonation,risky_request_visible,2,28,1,0,0,0,0,1,0,0
review-aa0341109ceb1209,msg-46a9686cf4e9faeb9042,normal,0,0,control,ordinary_notice_or_conversation_possible,2,15,1,0,0,0,0,0,1,0
review-ab5082605dd6822e,msg-caea04347391d8ade4f5,smishing,1,0,other,risky_request_visible,2,4,2,1,0,0,0,1,0,0
review-abfd0300b3e94bc9,msg-c6cb9735117d0df6bed5,normal,0,0,control,promotion_without_clear_scam_request,2,28,1,0,0,0,0,0,1,0
review-ac307e4a1651f014,msg-5dce72e90a11834ff054,smishing,1,0,other,risky_request_visible,2,24,2,1,0,0,0,1,0,0
review-aca9116d8021bfae,msg-ee6bc320eef92aaba68d,smishing,1,0,loan_ad,risky_request_visible,2,24,2,1,0,0,0,1,0,0
review-acfda6dedbd0ac44,msg-7a9e8cba7f71a7789866,normal,0,0,control,ordinary_notice_or_conversation_possible,2,32,1,0,0,0,0,0,1,0
review-ad512146de7da940,msg-c26a0b124b37127b90ce,smishing,1,0,messenger_phishing,risky_request_visible,2,23,2,0,0,0,1,1,0,0
review-ad7039ac6a9ced27,msg-c81c5b25a163ca19481f,normal,0,0,control,ordinary_notice_or_conversation_possible,2,23,1,0,0,0,0,0,1,0
review-add578e780e46b65,msg-219e4e28472310285851,normal,0,0,control,promotion_without_clear_scam_request,2,20,1,0,0,0,0,0,1,0
review-ae30eff1c5009634,msg-034e267652beee654b7d,normal,0,0,control,promotion_without_clear_scam_request,2,28,1,0,0,0,0,0,1,0
review-aefdc599d52d1968,msg-ce6e8882987410ea9dcb,normal,0,0,control,risky_request_visible,2,30,1,0,0,0,0,1,0,0
review-af3cd140e815bf14,msg-76ea500b769d004670c6,normal,0,0,control,ordinary_notice_or_conversation_possible,2,18,1,0,0,0,0,0,1,0
review-b0d0b31ce42bff6d,msg-80bd77dde6b57d4aa6b9,smishing,1,0,other,risky_request_visible,2,30,2,0,0,0,1,1,0,0
review-b1335825efb8b815,msg-b01d387c5717587aaf48,normal,0,0,control,ordinary_notice_or_conversation_possible,2,16,1,0,0,0,0,0,1,0
review-b1951ff1f4366cb0,msg-cced4520ab46379e15a2,normal,0,0,control,ordinary_notice_or_conversation_possible,2,16,1,0,0,0,0,0,1,0
review-b31a9429969a49d0,msg-462e7df5be571e9dec5d,normal,0,0,control,ordinary_notice_or_conversation_possible,2,23,1,0,0,0,0,0,1,0
review-b354a4224eb298ed,msg-03c2102e41eb110e0262,smishing,1,0,loan_ad,risky_request_visible,2,24,2,1,0,0,0,1,0,0
review-b4838689e702ca9d,msg-fd7536693be17ff11e66,normal,0,0,control,ordinary_notice_or_conversation_possible,2,23,1,0,0,0,0,0,1,0
review-b495dcabfdc9e6bb,msg-c3e7d7b05d5a88764703,smishing,1,0,messenger_phishing,risky_request_visible,2,25,2,1,0,0,0,1,0,0
review-b4a140a400dd0bd4,msg-8d50f5b84f82748b30f4,smishing,1,0,loan_ad,risky_request_visible,2,6,2,1,0,0,0,1,0,0
review-b4f3af03fab1d1b9,msg-ca0bba4719e18ebdea2c,smishing,1,0,loan_ad,risky_request_visible,2,24,2,1,0,0,0,1,0,0
review-b52505e7e689a4b8,msg-362b479a08fa48892f2e,normal,0,0,control,promotion_without_clear_scam_request,2,28,1,0,0,0,0,0,1,0
review-b716d55654e9e174,msg-eac3f80ef98d49d5018b,normal,0,0,control,ordinary_notice_or_conversation_possible,2,19,1,0,0,0,0,0,1,0
review-b75a5cafe4180fd6,msg-a850f5749efcb9c4f6a0,smishing,1,0,other,ordinary_notice_or_conversation_possible,2,17,1,0,0,0,0,0,1,0
review-b7a4aa1c4b4f5a68,msg-ea43ef2af5abd7033448,normal,0,0,control,insufficient_context,2,32,1,0,0,0,0,1,0,0
review-b7db7bfa3479f4d7,msg-432734d9e15c6f93d376,normal,0,0,control,ordinary_notice_or_conversation_possible,2,23,1,0,0,0,0,0,1,0
review-b853cb37dc6b6e11,msg-51ae98811a8fd7ee3107,normal,0,0,control,ordinary_notice_or_conversation_possible,2,17,1,0,0,0,0,0,1,0
review-b894aa9bff1613dc,msg-0f99b5457812bf9368a9,smishing,1,0,loan_ad,risky_request_visible,2,24,2,1,0,0,0,1,0,0
review-b8b4a371ec215d7c,msg-6ad7fc559a70473d3c43,normal,0,0,control,ordinary_notice_or_conversation_possible,2,24,1,0,0,0,0,0,1,0
review-b973d23ab4a680d4,msg-332a6ceef2ba82e72aee,normal,0,0,control,ordinary_notice_or_conversation_possible,2,16,1,0,0,0,0,0,1,0
review-baf06dfd954e1b3a,msg-2e3856be0b06e36d853e,smishing,1,0,loan_ad,risky_request_visible,2,24,2,1,0,0,0,1,0,0
review-bb5f23238e492978,msg-ae0b87b215621f5e8471,smishing,1,0,loan_ad,risky_request_visible,2,24,2,1,0,0,0,1,0,0
review-bb9c36d01d5155e0,msg-5af06b6771a844fe1037,smishing,1,0,messenger_phishing,risky_request_visible,2,23,4,1,1,0,1,1,0,0
review-bbb9c61301495984,msg-d3591b5cc40dae36f63d,smishing,1,0,messenger_phishing,risky_request_visible,2,23,3,1,0,0,1,1,0,0
review-bbe916c0a5f13c5a,msg-a45a85532c29434e8b27,smishing,1,0,loan_ad,risky_request_visible,2,5,2,1,0,0,0,1,0,0
review-bc1ad3d6715f9dab,msg-e19e83293fb47143aa18,normal,0,0,control,promotion_without_clear_scam_request,2,28,1,0,0,0,0,0,1,0
review-bc58d3e0a50d9226,msg-14251aa27469f753be0a,normal,0,0,control,ordinary_notice_or_conversation_possible,2,8,1,0,0,0,0,0,1,0
review-bc5e0069bbad7d67,msg-ccfb4bcf7b100e873356,normal,0,0,control,ordinary_notice_or_conversation_possible,2,27,1,0,0,0,0,0,1,0
review-bc64860bdda53d26,msg-fe8267c63ab4ef9ceaa5,normal,0,0,control,ordinary_notice_or_conversation_possible,2,22,1,0,0,0,0,0,1,0
review-bc694d6c09671509,msg-70dcd4b0f26f61bdf407,normal,0,0,control,ordinary_notice_or_conversation_possible,2,22,1,0,0,0,0,0,1,0
review-bc805b9a7fefb4c4,msg-b42fe9f654595657fa35,smishing,1,0,messenger_phishing,risky_request_visible,2,23,1,0,0,0,0,1,0,0
review-bc9e9750ed2f2246,msg-9807f366fd3a944bee02,normal,0,0,control,ordinary_notice_or_conversation_possible,2,16,1,0,0,0,0,0,1,0
review-bcc4f27e08342914,msg-8da1861e43112a887a4b,smishing,1,0,messenger_phishing,risky_request_visible,2,33,1,0,0,0,0,1,0,0
review-bcc86610acb0f9ff,msg-6c850b57daa695a2a5bf,smishing,1,0,messenger_phishing,insufficient_context,2,38,1,0,0,0,0,0,0,1
review-bd2ee152f3f0a48a,msg-25ac7d2717cde23a4116,normal,0,0,control,ordinary_notice_or_conversation_possible,2,17,1,0,0,0,0,0,1,0
review-be260e01d39a8550,msg-bbb84b4c518d7fb445cd,smishing,1,0,loan_ad,risky_request_visible,2,24,2,1,0,0,0,1,0,0
review-be8ac302beaaaa38,msg-504e4d980601e6913b67,normal,0,0,control,ordinary_notice_or_conversation_possible,2,20,1,0,0,0,0,0,1,0
review-bee3f43cbc979cc9,msg-4d9ff4113e4ed5d9e90c,smishing,1,0,messenger_phishing,risky_request_visible,2,24,2,1,1,0,0,0,0,0
review-bef01b9f140416fa,msg-538e9bd6dde7a1aba023,normal,0,0,control,promotion_without_clear_scam_request,2,28,1,0,0,0,0,0,1,0
review-bf29414211fedb11,msg-c484e73c51ddf79b7f8b,smishing,1,0,loan_ad,risky_request_visible,2,5,2,1,0,0,0,1,0,0
review-bf5160f31d278f7b,msg-c051b9c58babed147478,normal,0,0,control,ordinary_notice_or_conversation_possible,2,28,1,0,0,0,0,0,1,0
review-bf5fe000a4a8d9d5,msg-bcaba0c0cd46c0149e2b,smishing,1,0,other,risky_request_visible,2,24,2,1,0,0,0,1,0,0
review-bfec2c5d687b5e5a,msg-171c4288e43e466f5427,normal,0,0,control,ordinary_notice_or_conversation_possible,2,25,1,0,0,0,0,0,1,0
review-c0dec81b7dec22c5,msg-36f813c46481d09c7f14,normal,0,0,control,ordinary_notice_or_conversation_possible,2,21,1,0,0,0,0,0,1,0
review-c1f9d74965cc6d56,msg-9f008694d2e9f838eeaa,smishing,1,0,loan_ad,risky_request_visible,2,24,2,1,0,0,0,1,0,0
review-c20d5a744e2d1992,msg-08bbc870048b82597982,normal,0,0,control,ordinary_notice_or_conversation_possible,2,16,1,0,0,0,0,0,1,0
review-c279584d5ab81989,msg-ac699df7f9a7b4400d68,smishing,1,0,loan_ad,risky_request_visible,2,24,2,1,0,0,0,1,0,0
review-c2b11fa0a2c3336f,msg-18146f4aa7a10243efff,normal,0,0,control,ordinary_notice_or_conversation_possible,2,22,1,0,0,0,0,0,1,0
review-c3157c09e695c3c5,msg-f0a3f2387d520f4943e1,normal,0,0,control,promotion_without_clear_scam_request,2,28,1,0,0,0,0,0,1,0
review-c386fdd922078a37,msg-c21e147ebc288236d642,normal,0,0,control,ordinary_notice_or_conversation_possible,2,22,1,0,0,0,0,0,1,0
review-c4368025a0827097,msg-115656ab7419963f3ec4,normal,0,0,control,ordinary_notice_or_conversation_possible,2,26,1,0,0,0,0,0,1,0
review-c45238e439e91c4d,msg-165866e6104c7226a8e8,smishing,1,0,loan_ad,risky_request_visible,2,24,2,1,0,0,0,1,0,0
review-c58fb60504f6d9d8,msg-fb1d46a056dbeb985081,smishing,1,0,messenger_phishing,risky_request_visible,2,27,2,1,0,0,0,1,0,0
review-c68883cf7ada6886,msg-e8325082747f144e0b1f,smishing,1,0,loan_ad,risky_request_visible,2,24,2,1,0,0,0,1,0,0
review-c7968cd6c3d1f959,msg-13d13b63af525be88c8e,normal,0,0,control,ordinary_notice_or_conversation_possible,2,26,1,0,0,0,0,0,1,0
review-c7acc1ae1037b569,msg-9ae5d9f225d18d759f00,smishing,1,0,loan_ad,risky_request_visible,2,24,2,1,0,0,0,1,0,0
review-c7e00bcebb9cbe94,msg-3eff4af4ff261cda8b13,normal,0,0,control,ordinary_notice_or_conversation_possible,2,30,1,0,0,0,0,0,1,0
review-c7f76b1e1d80f49a,msg-47c423de9b8595f121a9,smishing,1,0,messenger_phishing,risky_request_visible,2,23,1,1,0,0,0,0,0,0
review-c854f5ffb64bf3eb,msg-f2f023ae46a3f625f5ba,normal,0,0,control,ordinary_notice_or_conversation_possible,2,22,1,0,0,0,0,0,1,0
review-c882bcd351e72aee,msg-30a50896aabbd5f717a5,smishing,1,0,loan_ad,risky_request_visible,2,24,2,1,0,0,0,1,0,0
review-c964452f27eede18,msg-8cc13371612bd1cf432c,smishing,1,0,other,insufficient_context,2,32,1,0,0,0,0,0,0,1
review-c9bef77585bdd4e8,msg-2dbc56f9e20b89a67a13,smishing,1,0,messenger_phishing,risky_request_visible,2,27,2,1,0,0,0,1,0,0
review-c9d8f2fd31ea0b7f,msg-4d670f74ef64914e9b0e,normal,0,0,control,promotion_without_clear_scam_request,2,28,1,0,0,0,0,0,1,0
review-c9eb20ef749cdb80,msg-96057ba4137a67242859,normal,0,0,control,promotion_without_clear_scam_request,2,28,1,0,0,0,0,0,1,0
review-ca1c52eb5a9e5a56,msg-383f97042ca6b0129236,normal,0,0,control,ordinary_notice_or_conversation_possible,2,29,1,0,0,0,0,0,1,0
review-ca722d1baa37caa6,msg-640a5ef11bb22eeb3dbc,smishing,1,0,loan_ad,risky_request_visible,2,8,2,1,0,0,0,1,0,0
review-cb23ce2b380ce815,msg-a81e33bc3946b0ae2550,normal,0,0,control,ordinary_notice_or_conversation_possible,2,22,1,0,0,0,0,0,1,0
review-cb28a9106aef5505,msg-67de13a82fafaf8c3980,smishing,1,0,loan_ad,risky_request_visible,2,24,2,1,0,0,0,1,0,0
review-cb32573abbb83f9f,msg-26e314f88d0d3eaafbd6,smishing,1,0,loan_ad,risky_request_visible,2,7,2,1,0,0,0,1,0,0
review-cbbc72e510f286e3,msg-cb107b27366c1e7283c6,smishing,1,0,loan_ad,risky_request_visible,2,24,2,1,0,0,0,1,0,0
review-cc41f3f4cb6e8629,msg-cd74555c5078c89aa225,smishing,1,0,messenger_phishing,risky_request_visible,2,33,1,0,0,0,0,1,0,0
review-cc4b16c2321274c0,msg-1737db0114226e8bb1b0,smishing,1,0,loan_ad,risky_request_visible,2,8,1,1,0,0,0,0,0,0
review-cd10401423c3d046,msg-90e4dfdb43017952dbb4,normal,0,0,control,ordinary_notice_or_conversation_possible,2,24,1,0,0,0,0,0,1,0
review-cd39c34a5496687f,msg-28b8f57d24c88ea1fd3b,normal,0,0,control,ordinary_notice_or_conversation_possible,2,21,1,0,0,0,0,0,1,0
review-ce1c5319370b9470,msg-ae8747db917382e06db2,smishing,1,0,messenger_phishing,risky_request_visible,2,23,1,1,0,0,0,0,0,0
review-cf59c2e5933f9fa2,msg-43d155d969d978189fb2,smishing,1,0,loan_ad,risky_request_visible,2,24,2,1,0,0,0,1,0,0
review-cf827f0ca2b4b9a5,msg-4e0bd498f47b89599ea6,smishing,1,0,loan_ad,risky_request_visible,2,24,2,1,0,0,0,1,0,0
review-cfc0b12d1183e034,msg-a382e8e19124dfbd1cd5,normal,0,0,control,ordinary_notice_or_conversation_possible,2,19,1,0,0,0,0,0,1,0
review-cfc80bc1541032df,msg-a1d665898cb5cf4eee06,smishing,1,0,loan_ad,risky_request_visible,2,24,2,1,0,0,0,1,0,0
review-d09099c6189f497b,msg-255cba56e8f9f375b954,smishing,1,0,payment_impersonation,risky_request_visible,2,24,1,0,0,0,0,1,0,0
review-d0b2291f671afb13,msg-69107f37830e441acc20,smishing,1,0,loan_ad,risky_request_visible,2,24,2,1,0,0,0,1,0,0
review-d14a67c8f86c82a4,msg-f96269b2a48486c1fd45,normal,0,0,control,ordinary_notice_or_conversation_possible,2,21,1,0,0,0,0,0,1,0
review-d17c9fec5ba94c27,msg-0833b822c08cc170dc26,smishing,1,0,messenger_phishing,risky_request_visible,2,23,1,0,0,0,0,1,0,0
review-d1b2ce556231d1b9,msg-1a13d7e1a0a296d7e9ac,normal,0,0,control,promotion_without_clear_scam_request,2,28,1,0,0,0,0,0,1,0
review-d1ba629d1b0c0386,msg-3a166a3d426428da952d,smishing,1,0,other,insufficient_context,2,36,1,0,0,0,0,1,0,0
review-d1df54b7c0853995,msg-a19d969edbd3e4c563b7,normal,0,0,control,promotion_without_clear_scam_request,2,28,1,0,0,0,0,0,1,0
review-d23755346e397e0d,msg-215f563424e984687bea,normal,0,0,control,ordinary_notice_or_conversation_possible,2,26,1,0,0,0,0,0,1,0
review-d27b1f741c6ce442,msg-d3e25a130f49e24fec59,normal,0,0,control,ordinary_notice_or_conversation_possible,2,23,1,0,0,0,0,0,1,0
review-d299ebb8c45a2f94,msg-0b586f5fca364bbc8c8d,smishing,1,0,agency_impersonation,insufficient_context,2,39,1,0,0,0,0,0,0,1
review-d29c44ff7ec787ac,msg-18c2c8f93f103cd63104,normal,0,0,control,promotion_without_clear_scam_request,2,28,1,0,0,0,0,0,1,0
review-d33ca86cba802688,msg-e2900c16a353e5f15c43,smishing,1,0,messenger_phishing,risky_request_visible,2,23,3,1,0,0,1,1,0,0
review-d3b4daac66058960,msg-2819ed8636ecdee04bb3,normal,0,0,control,promotion_without_clear_scam_request,2,28,1,0,0,0,0,0,1,0
review-d4f84d432e0d6d48,msg-94e0ae16541345a3f768,normal,0,0,control,ordinary_notice_or_conversation_possible,2,24,1,0,0,0,0,0,1,0
review-d51050ea94555e33,msg-8dfc55b831e0422aaaf3,normal,0,0,control,ordinary_notice_or_conversation_possible,2,19,1,0,0,0,0,0,1,0
review-d51a67f2e9911b52,msg-9412881b9906d37a2304,normal,0,0,control,ordinary_notice_or_conversation_possible,2,23,1,0,0,0,0,0,1,0
review-d5b560692f11bda9,msg-20cb262bf7645dfe36d5,normal,0,0,control,ordinary_notice_or_conversation_possible,2,22,1,0,0,0,0,0,1,0
review-d5cad39f16073736,msg-6b991d00ca9722186569,normal,0,0,control,promotion_without_clear_scam_request,2,28,1,0,0,0,0,0,1,0
review-d684b0c9ae6eb28a,msg-b46e8faecd246cf1967d,smishing,1,0,loan_ad,risky_request_visible,2,8,2,1,0,0,0,1,0,0
review-d6877eb437269499,msg-d6441157b1184c30f6c0,normal,0,0,control,ordinary_notice_or_conversation_possible,2,23,1,0,0,0,0,0,1,0
review-d6c4551ca894cc5c,msg-bbab9487a685ac85d931,smishing,1,0,loan_ad,risky_request_visible,2,5,2,1,0,0,0,1,0,0
review-d7a5aa91a1e9ef4b,msg-963560a696c2068b11aa,normal,0,0,control,promotion_without_clear_scam_request,2,28,1,0,0,0,0,0,1,0
review-d7e6ea82c0cbb7e9,msg-89bb289b1bdb8f41022f,normal,0,0,control,ordinary_notice_or_conversation_possible,2,23,1,0,0,0,0,0,1,0
review-d86e9dceafb57f52,msg-b1cc1dadab2abab75849,smishing,1,0,loan_ad,risky_request_visible,2,24,2,1,0,0,0,1,0,0
review-d870679fd6d01453,msg-7e320859ea45595a0398,smishing,1,0,other,promotion_without_clear_scam_request,2,24,2,0,0,0,1,1,0,0
review-d885dde988ff81fc,msg-e9f133abd48046d0b082,smishing,1,0,payment_impersonation,risky_request_visible,2,25,1,0,0,0,0,1,0,0
review-d927fc30b0eb9634,msg-1af26a10b08f45f41fde,smishing,1,0,loan_ad,risky_request_visible,2,24,2,1,0,0,0,1,0,0
review-da0a87e60e534a8c,msg-817a4fa89633430e990d,normal,0,0,control,ordinary_notice_or_conversation_possible,2,19,1,0,0,0,0,0,1,0
review-da5d8fa9864e211c,msg-65f4a5c0b197a96bdac3,normal,0,0,control,ordinary_notice_or_conversation_possible,2,27,1,0,0,0,0,0,1,0
review-db2e98df10b7ea70,msg-c3a7447e038aacfc0b56,normal,0,0,control,ordinary_notice_or_conversation_possible,2,23,1,0,0,0,0,0,1,0
review-dbbbfc8d3d158c2b,msg-19fa68b2542d83a61f79,smishing,1,0,loan_ad,risky_request_visible,2,24,2,1,0,0,0,1,0,0
review-dc7c7acfd6e2db79,msg-b183e7136605118fd86a,normal,0,0,control,promotion_without_clear_scam_request,2,23,1,0,0,0,0,1,0,0
review-dcfd0dc2773c1fc2,msg-efd9fc3fa5aed3568aff,smishing,1,0,messenger_phishing,risky_request_visible,2,36,1,0,0,0,0,1,0,0
review-dd1fb20a78a6cb60,msg-0c3c82dfb168fc722263,normal,0,0,control,ordinary_notice_or_conversation_possible,2,30,1,0,0,0,0,0,1,0
review-dd797ac5b4317bd3,msg-be92dc94342f95bbcf5d,smishing,1,0,loan_ad,risky_request_visible,2,8,2,1,0,0,0,1,0,0
review-dd85b84b55bb501f,msg-c7ae71424b0756ee528c,smishing,1,0,loan_ad,risky_request_visible,2,24,2,1,0,0,0,1,0,0
review-dd9532439f290332,msg-d03214baadc38bd1336c,normal,0,0,control,ordinary_notice_or_conversation_possible,2,25,1,0,0,0,0,0,1,0
review-de8af5907865c3e9,msg-8d5b64a36fbb3eb71e78,smishing,1,0,loan_ad,risky_request_visible,2,24,2,1,0,0,0,1,0,0
review-e058b93119484125,msg-64eeb1b2fa95ac8fb479,smishing,1,0,loan_ad,risky_request_visible,2,24,2,1,0,0,0,1,0,0
review-e0a264aecc7ee1b0,msg-b08b74714736c2364217,normal,0,0,control,ordinary_notice_or_conversation_possible,2,16,1,0,0,0,0,0,1,0
review-e0ac9753946feca9,msg-1cbe6cc1748e7262b5ab,smishing,1,0,messenger_phishing,risky_request_visible,2,33,1,0,0,0,0,1,0,0
review-e1afcc76f28c4344,msg-957a54f95f91a63ee653,normal,0,0,control,ordinary_notice_or_conversation_possible,2,23,1,0,0,0,0,0,1,0
review-e23fed0689d23954,msg-5bc65501f76a2d9c35b3,smishing,1,0,other,promotion_without_clear_scam_request,2,47,1,0,0,0,0,0,1,0
review-e244a46bb3c89288,msg-b49a70f3593e3f36b11d,smishing,1,0,messenger_phishing,risky_request_visible,2,24,2,1,0,0,0,1,0,0
review-e2fd25cde06b2e07,msg-871f6b0c52c58905dd41,normal,0,0,control,promotion_without_clear_scam_request,2,28,1,0,0,0,0,0,1,0
review-e3520951883c1b51,msg-80d20dbfca1307061530,normal,0,0,control,promotion_without_clear_scam_request,2,28,1,0,0,0,0,0,1,0
review-e384094846a41b50,msg-705817f4922c88c5ecc5,smishing,1,0,loan_ad,risky_request_visible,2,24,2,1,0,0,0,1,0,0
review-e432c718725ac7ae,msg-b372318bcb95d9f5bf57,normal,0,0,control,ordinary_notice_or_conversation_possible,2,19,1,0,0,0,0,0,1,0
review-e447ae957587a31d,msg-0590a0a811adf41d19c4,smishing,1,0,loan_ad,risky_request_visible,2,24,2,1,0,0,0,1,0,0
review-e4dca6a839df1435,msg-d7dccf71e0387df73450,normal,0,0,control,ordinary_notice_or_conversation_possible,2,31,1,0,0,0,0,0,1,0
review-e511d7b76f480bc7,msg-c12f37d2560f5acf8fc5,smishing,1,0,loan_ad,risky_request_visible,2,4,2,1,0,0,0,1,0,0
review-e58d1b3575c7e041,msg-60b7b814308d63263bea,smishing,1,0,payment_impersonation,risky_request_visible,2,25,1,0,0,0,0,1,0,0
review-e597199623b7b146,msg-35ad6d03750726a74248,normal,0,0,control,ordinary_notice_or_conversation_possible,2,23,1,0,0,0,0,0,1,0
review-e5c8c789729e554c,msg-d028b9185e67164eda89,normal,0,0,control,ordinary_notice_or_conversation_possible,2,19,1,0,0,0,0,0,1,0
review-e63efe4044e2aa11,msg-79b01393dcc39d7d282a,smishing,1,0,loan_ad,risky_request_visible,2,8,1,0,0,0,0,1,0,0
review-e736bb0c132d2dc8,msg-bf0dfb1e1aef571e6dfa,smishing,1,0,payment_impersonation,promotion_without_clear_scam_request,2,6,1,0,0,0,0,1,0,0
review-e8170ecaf09d95c1,msg-e863bf00fb6dbfb816f3,normal,0,0,control,ordinary_notice_or_conversation_possible,2,19,1,0,0,0,0,0,1,0
review-e8eebbe27a7969d0,msg-26a403cb7e86084e2d88,normal,0,0,control,ordinary_notice_or_conversation_possible,2,30,1,0,1,0,0,0,0,0
review-e945ebd4e9533666,msg-6ca0de4ebc5d9da5342b,smishing,1,0,loan_ad,risky_request_visible,2,24,2,1,0,0,0,1,0,0
review-e9f675e3299ddb73,msg-74894396e30aa7e375f2,normal,0,0,control,ordinary_notice_or_conversation_possible,2,16,1,0,0,0,0,0,1,0
review-ea8461ed56afeacc,msg-ad517b34fab57cf3b438,normal,0,0,control,ordinary_notice_or_conversation_possible,2,23,1,0,0,0,0,0,1,0
review-eb5bbbe4e99a6f72,msg-aae535e14decd836abac,normal,0,0,control,ordinary_notice_or_conversation_possible,2,22,1,0,0,0,0,0,1,0
review-ec018bdef14b4dce,msg-ef69592a53abe3a01b4d,smishing,1,0,loan_ad,risky_request_visible,2,4,2,1,0,0,0,1,0,0
review-ecc7155e591dec16,msg-7b45fdda561c81cabe19,smishing,1,0,payment_impersonation,risky_request_visible,2,26,1,0,0,0,0,1,0,0
review-ecf66ae7e447041e,msg-443a84cea11014478b84,smishing,1,0,payment_impersonation,risky_request_visible,2,25,1,0,0,0,0,1,0,0
review-ed0223c36d93b8cb,msg-cfa0236fa8a0f40916bd,normal,0,0,control,promotion_without_clear_scam_request,2,28,1,0,0,0,0,1,0,0
review-ed79a40573a23e85,msg-6f4d5cc6a56a922f2113,normal,0,0,control,promotion_without_clear_scam_request,2,28,1,0,0,0,0,0,1,0
review-ed8aaee3f91ea267,msg-a319a3ad3f700d7f3e15,normal,0,0,control,promotion_without_clear_scam_request,2,28,1,0,0,0,0,0,1,0
review-ed9460d363c32a66,msg-33b4946b6aa1c5826e5b,normal,0,0,control,ordinary_notice_or_conversation_possible,2,22,1,0,0,0,0,0,1,0
review-edccbb4371a90711,msg-bb52082aaa2a867204a8,smishing,1,0,loan_ad,risky_request_visible,2,8,2,1,0,0,0,1,0,0
review-ee314103593cc397,msg-3382d5781a64d5167a9f,smishing,1,0,loan_ad,risky_request_visible,2,24,2,1,0,0,0,1,0,0
review-ee537a73bef42552,msg-a50c3f07d1c4116a5aae,normal,0,0,control,ordinary_notice_or_conversation_possible,2,28,1,0,0,0,0,0,1,0
review-eef1587711f81f11,msg-2bf3512c4b917049d8d1,normal,0,0,control,ordinary_notice_or_conversation_possible,2,23,1,0,0,0,0,0,1,0
review-f02182e8f70df196,msg-b789ac48b433840d97a1,smishing,1,0,loan_ad,risky_request_visible,2,24,2,1,0,0,0,1,0,0
review-f0b50460d98d4502,msg-95c382e5e68482d54b53,smishing,1,0,loan_ad,risky_request_visible,2,8,2,1,0,0,0,1,0,0
review-f0f2fce9301b3378,msg-e7a80c477afb0cccfac0,normal,0,0,control,ordinary_notice_or_conversation_possible,2,28,1,0,0,0,0,0,1,0
review-f160feeb48ff21ee,msg-441e65241cda094c5e2a,smishing,1,0,loan_ad,risky_request_visible,2,24,2,1,0,0,0,1,0,0
review-f278c035dcc448b5,msg-69e20b477e1f38d22287,normal,0,0,control,ordinary_notice_or_conversation_possible,2,24,1,0,0,0,0,0,1,0
review-f296f965b5850c48,msg-fbcc5b098e1b1d189d50,normal,0,0,control,promotion_without_clear_scam_request,2,28,1,0,0,0,0,0,1,0
review-f2b62cb8a35fddc1,msg-44342a1ca335e0df03ca,smishing,1,0,messenger_phishing,risky_request_visible,2,23,2,1,1,0,0,0,0,0
review-f2c9ba7c14a8e7f4,msg-cbeab8aa1cb4e1328216,smishing,1,0,loan_ad,risky_request_visible,2,8,1,1,0,0,0,0,0,0
review-f360abb82bcec3c4,msg-7a14eb32b51e33537f72,smishing,1,0,loan_ad,risky_request_visible,2,5,2,1,0,0,0,1,0,0
review-f44ca51cbbeda00a,msg-b16b1f045aab2ea4a56f,smishing,1,0,loan_ad,risky_request_visible,2,8,1,1,0,0,0,0,0,0
review-f48d763f6c721c5c,msg-05ce5c3a427de58a9e8d,smishing,1,0,loan_ad,risky_request_visible,2,4,2,1,0,0,0,1,0,0
review-f50f53a543208b94,msg-8c649a088b7f6eb07a65,smishing,1,0,messenger_phishing,risky_request_visible,2,21,1,1,0,0,0,0,0,0
review-f68968ff35ec4bea,msg-3f37d9bd39aa22dc8368,normal,0,0,control,ordinary_notice_or_conversation_possible,2,21,1,0,0,0,0,0,1,0
review-f69dbdcfebf56998,msg-6dd3cea31f51bc6f063d,smishing,1,0,loan_ad,risky_request_visible,2,24,2,1,0,0,0,1,0,0
review-f6f3c364cb66f280,msg-67f89394e1696666880c,normal,0,0,control,ordinary_notice_or_conversation_possible,2,27,1,0,0,0,0,0,1,0
review-f778efc9b041eb43,msg-7a8ba417b2f4e2650e1b,normal,0,0,control,ordinary_notice_or_conversation_possible,2,35,1,0,0,0,0,0,1,0
review-f7a215d9e903b41d,msg-910004461353a81fdfb7,smishing,1,0,other,promotion_without_clear_scam_request,2,24,2,0,0,0,1,1,0,0
review-f7fbd3ab7a66e194,msg-8884dfa40bd5b5ff02f7,normal,0,0,control,promotion_without_clear_scam_request,2,28,1,0,0,0,0,0,1,0
review-f8f57cab36b5e4f9,msg-0b0747a39cdb82046f16,normal,0,0,control,ordinary_notice_or_conversation_possible,2,20,1,0,0,0,0,0,1,0
review-f9733f5a3ed15ba1,msg-c545ce4cd13f2f30e4db,smishing,1,0,loan_ad,risky_request_visible,2,24,2,1,0,0,0,1,0,0
review-f9b9a4279458f732,msg-5bf22a260fc90f900243,smishing,1,0,loan_ad,risky_request_visible,2,5,2,1,0,0,0,1,0,0
review-f9bfaa738fc7db78,msg-22666adef1260ae5f9a4,normal,0,0,control,ordinary_notice_or_conversation_possible,2,21,1,0,0,0,0,0,1,0
review-f9d950de655d05cd,msg-5ef02907cd1045cb54a8,smishing,1,0,messenger_phishing,risky_request_visible,2,23,1,0,1,0,0,0,0,0
review-fb2667a6a62b9c38,msg-c2539bcbb168ad9fac37,normal,0,0,control,ordinary_notice_or_conversation_possible,2,27,1,0,0,0,0,0,1,0
review-fbd669140c0c37bb,msg-299b1f56db41d7b2e7c2,normal,0,0,control,ordinary_notice_or_conversation_possible,2,16,1,0,0,0,0,0,1,0
review-fcb737070b879e4f,msg-63be477f140adc17e396,normal,0,0,control,ordinary_notice_or_conversation_possible,2,24,1,0,0,0,0,0,1,0
review-fcba197835dbe421,msg-c9a0f816a24bd3e21470,smishing,1,0,job_scam,risky_request_visible,2,23,1,0,0,0,0,1,0,0
review-fd0999fd546bfed8,msg-fe1928a9a24b4573d509,smishing,1,0,loan_ad,risky_request_visible,2,4,2,1,0,0,0,1,0,0
review-fd4a4694d748b8f1,msg-8292e9166caa8ab05265,smishing,1,0,job_scam,risky_request_visible,2,23,1,0,0,0,0,1,0,0
review-fd55ea1d04c7fc3b,msg-44deb8ec94adc01da101,normal,0,0,control,promotion_without_clear_scam_request,2,28,1,0,0,0,0,0,1,0
review-fdc12fa3cc3d98a8,msg-37fd1ef16190049166d2,smishing,1,0,loan_ad,risky_request_visible,2,24,2,1,0,0,0,1,0,0
review-fe1822167edb9625,msg-bee493f64946ad6b35a4,normal,0,0,control,promotion_without_clear_scam_request,2,28,1,0,0,0,0,0,1,0
review-fef8e7e55d89aaf1,msg-f0265af2067049f392b6,smishing,1,0,loan_ad,risky_request_visible,2,24,2,1,0,0,0,1,0,0
review-ff1ff6c1bdbeaee2,msg-35a30cfabb7c40cc1912,normal,0,0,control,ordinary_notice_or_conversation_possible,2,20,1,0,0,0,0,0,1,0
review-ff57873bcca80e84,msg-0d5b420dd958137f34fc,smishing,1,0,other,insufficient_context,2,36,1,0,0,0,0,0,0,1
review-ff61b33b22cf09db,msg-f83fe7e80b1199988bc6,smishing,1,0,payment_impersonation,insufficient_context,2,29,1,0,0,0,0,0,0,1
review-ff7824303811b880,msg-3a8d13b5b7957521ed9d,smishing,1,0,loan_ad,risky_request_visible,2,24,2,1,0,0,0,1,0,0
