message_id,text_raw_masked,text_normalized,label,has_url,url_count,source,real_or_synthetic,group_id,source_record_id,source_case_type,source_theme,sender_type,delivery_channel,target_device,license,watermark_removed,nearest_existing_similarity,nearest_existing_split,nearest_existing_message_id,training_eligible,split,similarity_group_id
krmob-d0c0a62a61f4950a4599,[금융안내] 고객님의 공동인증서 만료가 3일 남았습니다. 만료 시 모든 금융거래가 제한되오니 아래 공식 홈페이지에서 갱신하시기 바랍니다. [URL],[금융안내] 고객님의 공동인증서 만료가 3일 남았습니다. 만료 시 모든 금융거래가 제한되오니 아래 공식 홈페이지에서 갱신하시기 바랍니다. [url],normal,1,1,DimensionV/KR-MOB-SMISHING-v2,synthetic,krmob-inc-MOB-BEN-005,inc-MOB-BEN-005:1,benign,인증서 갱신/만료 사칭,verified_sender,SMS,iOS-DEV-9921,CC BY-NC 4.0,1,0.152889,test,msg-52f57e84638c37bc1c85,1,train,krmob-inc-MOB-BEN-005
krmob-6c59b2d5b91dd7d00667,[정부지원센터] 2025년 상반기 미수령 지원금 환급 안내. 귀하의 미수령액이 발생하였습니다. 금일 18시 기한 마감 예정이오니 확인 바랍니다. 상세내용: [URL],[정부지원센터] 2025년 상반기 미수령 지원금 환급 안내. 귀하의 미수령액이 발생하였습니다. 금일 18시 기한 마감 예정이오니 확인 바랍니다. 상세내용: [url],normal,1,1,DimensionV/KR-MOB-SMISHING-v2,synthetic,krmob-inc-MOB-BEN-007,inc-MOB-BEN-007:1,benign,정부지원금/환급금 사칭,verified_sender,SMS,Android,CC BY-NC 4.0,1,0.135644,train,msg-7d87098e9bf6a069ebe5,1,train,krmob-inc-MOB-BEN-007
krmob-e457419adb4fea55d138,[금융보안] 필수 보안 업데이트 안내: 최근 급증하는 금융 사기 방지를 위해 이용 중이신 금융 앱의 최신 보안 패치가 출시되었습니다. 미업데이트 시 서비스 이용이 제한될 수 있습니다. 설치: [URL],[금융보안] 필수 보안 업데이트 안내: 최근 급증하는 금융 사기 방지를 위해 이용 중이신 금융 앱의 최신 보안 패치가 출시되었습니다. 미업데이트 시 서비스 이용이 제한될 수 있습니다. 설치: [url],smishing,1,1,DimensionV/KR-MOB-SMISHING-v2,synthetic,krmob-inc-MOB-BEN-008,inc-MOB-BEN-008:1,benign_lookalike,모바일 금융앱 업데이트 사칭,personal_number,SMS,Android/iOS,CC BY-NC 4.0,1,0.148049,test,msg-0d52b431fcb3c89b5971,1,train,krmob-inc-MOB-BEN-008
krmob-85997d49edfcaecf8cc0,주소 불일치로 인해 물품 배송이 중단되었습니다. 오늘 20시까지 주소 확인이 되지 않으면 반송 처리됩니다. 확인: [URL],주소 불일치로 인해 물품 배송이 중단되었습니다. 오늘 20시까지 주소 확인이 되지 않으면 반송 처리됩니다. 확인: [url],smishing,1,1,DimensionV/KR-MOB-SMISHING-v2,synthetic,krmob-inc-MOB-BEN-009,inc-MOB-BEN-009:1,benign_lookalike,택배/배송 실패 사칭,personal_number,SMS,iOS-DEV-9901,CC BY-NC 4.0,1,0.242349,train,msg-b569cbcd457054840fc1,1,train,krmob-inc-MOB-BEN-009
krmob-67fb375994f6bfea534a,[공지] 2025년 하반기 채용 합격을 축하드립니다. 서류 제출 기한은 금일 20시까지입니다. 미제출 시 합격이 취소될 수 있으니 반드시 확인 바랍니다. 확인: [URL],[공지] 2025년 하반기 채용 합격을 축하드립니다. 서류 제출 기한은 금일 20시까지입니다. 미제출 시 합격이 취소될 수 있으니 반드시 확인 바랍니다. 확인: [url],smishing,1,1,DimensionV/KR-MOB-SMISHING-v2,synthetic,krmob-inc-MOB-BEN-010,inc-MOB-BEN-010:1,benign_lookalike,채용/면접 결과 사칭,personal_number,SMS,Android,CC BY-NC 4.0,1,0.17809,test,msg-6cc91b9bb363bab6f958,1,train,krmob-inc-MOB-BEN-010
krmob-d0d0cb8468758c3388d1,[긴급] 채용 서류 보완 요청: 주민등록초본 및 가족관계증명서 누락. 하단 링크에서 본인인증 후 업로드하세요. [URL],[긴급] 채용 서류 보완 요청: 주민등록초본 및 가족관계증명서 누락. 하단 링크에서 본인인증 후 업로드하세요. [url],smishing,1,1,DimensionV/KR-MOB-SMISHING-v2,synthetic,krmob-inc-MOB-BEN-010,inc-MOB-BEN-010:2,benign_lookalike,채용/면접 결과 사칭,personal_number,SMS,iOS,CC BY-NC 4.0,1,0.183232,train,msg-9b3216ac98b3e2cb729d,1,train,krmob-inc-MOB-BEN-010
krmob-827e2fa87fc1a8f81137,"[정부24] 고객님, 미수령 정부지원 환급금이 조회되었습니다. 소멸 전 신청 바랍니다. 상세내용 확인: [URL]","[정부24] 고객님, 미수령 정부지원 환급금이 조회되었습니다. 소멸 전 신청 바랍니다. 상세내용 확인: [url]",normal,1,1,DimensionV/KR-MOB-SMISHING-v2,synthetic,krmob-inc-MOB-BEN-012,inc-MOB-BEN-012:1,benign,정부지원금/환급금 사칭,verified_sender,SMS,iOS,CC BY-NC 4.0,1,0.154206,test,msg-9bfaccfa035f092b0775,1,train,krmob-inc-MOB-BEN-012
krmob-1a7de36d036bd0869c24,"[금융안내] 고객님, 원활한 금융 서비스 이용을 위해 필수 보안 업데이트가 필요합니다. 미업데이트 시 앱 이용이 제한될 수 있습니다. 업데이트 확인: [URL]","[금융안내] 고객님, 원활한 금융 서비스 이용을 위해 필수 보안 업데이트가 필요합니다. 미업데이트 시 앱 이용이 제한될 수 있습니다. 업데이트 확인: [url]",normal,1,1,DimensionV/KR-MOB-SMISHING-v2,synthetic,krmob-inc-MOB-BEN-013,inc-MOB-BEN-013:1,benign,모바일 금융앱 업데이트 사칭,verified_sender,SMS,iOS,CC BY-NC 4.0,1,0.157533,test,msg-0d52b431fcb3c89b5971,1,train,krmob-inc-MOB-BEN-013
krmob-ba2c6294d5eaadc7ff39,엄마 나 폰 고장나서 수리 맡겼어. 급하게 송금할 데가 있는데 대신 좀 해줘. 여기 링크로 확인해줘. [URL],엄마 나 폰 고장나서 수리 맡겼어. 급하게 송금할 데가 있는데 대신 좀 해줘. 여기 링크로 확인해줘. [url],smishing,1,1,DimensionV/KR-MOB-SMISHING-v2,synthetic,krmob-inc-MOB-BEN-015,inc-MOB-BEN-015:1,benign_lookalike,가족/지인 사칭 긴급 송금,personal_number,SMS,Android,CC BY-NC 4.0,1,0.308842,train,msg-8da1861e43112a887a4b,1,train,krmob-inc-MOB-BEN-015
krmob-710022f3c3a0daf94fc1,"(광고) [모바일 안심결제] 고객님, 본인확인 인증번호 [8291]가 발송되었습니다. 본인이 아닐 경우 즉시 확인: [URL]","(광고) [모바일 안심결제] 고객님, 본인확인 인증번호 [8291]가 발송되었습니다. 본인이 아닐 경우 즉시 확인: [url]",smishing,1,1,DimensionV/KR-MOB-SMISHING-v2,synthetic,krmob-inc-MOB-BEN-015,inc-MOB-BEN-015:2,benign_lookalike,가족/지인 사칭 긴급 송금,short_code,SMS,iOS,CC BY-NC 4.0,1,0.276024,train,msg-ca141a713e5b8a3b8417,1,train,krmob-inc-MOB-BEN-015
krmob-414398f749e0eaf0efec,"[WEB발신] 고객님, (04/20) 15:41:03 해외결제 승인금액 $849.00 USD 완료. 본인 요청 아닐 시 즉시 차단 및 신고 바랍니다. 확인: [URL]","[web발신] 고객님, (04/20) 15:41:03 해외결제 승인금액 $849.00 usd 완료. 본인 요청 아닐 시 즉시 차단 및 신고 바랍니다. 확인: [url]",smishing,1,1,DimensionV/KR-MOB-SMISHING-v2,synthetic,krmob-inc-MOB-BEN-016,inc-MOB-BEN-016:1,benign_lookalike,결제/승인 확인 사칭,personal_number,SMS,Android,CC BY-NC 4.0,1,0.222174,train,msg-31fb050ba5518b20d81e,1,train,krmob-inc-MOB-BEN-016
krmob-716910c03283ba513189,[채용안내] 귀하의 서류 합격을 축하드립니다. 면접 일정 확인 및 증빙서류 등록을 위해 아래 링크로 접속해 주시기 바랍니다. 기한 내 미등록 시 합격이 취소될 수 있습니다. [URL],[채용안내] 귀하의 서류 합격을 축하드립니다. 면접 일정 확인 및 증빙서류 등록을 위해 아래 링크로 접속해 주시기 바랍니다. 기한 내 미등록 시 합격이 취소될 수 있습니다. [url],smishing,1,1,DimensionV/KR-MOB-SMISHING-v2,synthetic,krmob-inc-MOB-BEN-017,inc-MOB-BEN-017:1,benign_lookalike,채용/면접 결과 사칭,short_code,SMS,Android,CC BY-NC 4.0,1,0.17569,test,msg-6cc91b9bb363bab6f958,1,train,krmob-inc-MOB-BEN-017
krmob-2b36a4f446c948dee247,"[결제승인] 귀하의 카드가 03/04 17:15 842,000원 결제되었습니다. 본인 요청이 아닐 경우 즉시 확인 바랍니다. 확인: [URL]","[결제승인] 귀하의 카드가 03/04 17:15 842,000원 결제되었습니다. 본인 요청이 아닐 경우 즉시 확인 바랍니다. 확인: [url]",normal,1,1,DimensionV/KR-MOB-SMISHING-v2,synthetic,krmob-inc-MOB-BEN-019,inc-MOB-BEN-019:1,benign,결제/승인 확인 사칭,verified_sender,SMS,ios_device_001,CC BY-NC 4.0,1,0.166921,train,msg-3587bb74b458fd7bd0e7,1,train,krmob-inc-MOB-BEN-019
krmob-9903c2943edd872804be,[OOO 채용] 안녕하세요. 2025년 상반기 신입사원 채용 서류전형 합격자 발표 안내입니다. 결과 확인: [URL],[ooo 채용] 안녕하세요. 2025년 상반기 신입사원 채용 서류전형 합격자 발표 안내입니다. 결과 확인: [url],normal,1,1,DimensionV/KR-MOB-SMISHING-v2,synthetic,krmob-inc-MOB-BEN-020,inc-MOB-BEN-020:1,benign,채용/면접 결과 사칭,verified_sender,SMS,Android,CC BY-NC 4.0,1,0.193987,train,msg-749e69c1e94466c0289f,1,train,krmob-inc-MOB-BEN-020
krmob-6419b6697a8b73f8cf65,[금융안내] 사용 중이신 뱅킹 앱의 보안 업데이트가 필요합니다. 미업데이트 시 서비스 이용이 제한될 수 있습니다. 공식 홈페이지([URL] 확인하세요.,[금융안내] 사용 중이신 뱅킹 앱의 보안 업데이트가 필요합니다. 미업데이트 시 서비스 이용이 제한될 수 있습니다. 공식 홈페이지([url] 확인하세요.,normal,1,1,DimensionV/KR-MOB-SMISHING-v2,synthetic,krmob-inc-MOB-BEN-021,inc-MOB-BEN-021:1,benign,모바일 금융앱 업데이트 사칭,verified_sender,SMS,Android,CC BY-NC 4.0,1,0.156773,train,msg-d6441157b1184c30f6c0,1,train,krmob-inc-MOB-BEN-021
krmob-0071f85924df7b2f1abf,"[금융보안센터] 고객님, 사용 중인 금융앱의 보안 패치 업데이트가 필요합니다. 미업데이트 시 금융 서비스 이용이 제한됩니다. 즉시 업데이트: [URL]","[금융보안센터] 고객님, 사용 중인 금융앱의 보안 패치 업데이트가 필요합니다. 미업데이트 시 금융 서비스 이용이 제한됩니다. 즉시 업데이트: [url]",smishing,1,1,DimensionV/KR-MOB-SMISHING-v2,synthetic,krmob-inc-MOB-BEN-022,inc-MOB-BEN-022:1,benign_lookalike,모바일 금융앱 업데이트 사칭,personal_number,SMS,Android,CC BY-NC 4.0,1,0.157409,validation,msg-83a3ee395282cc03ea88,1,train,krmob-inc-MOB-BEN-022
krmob-af02c18e2ed7f4c3eb75,[금융보안센터] 보안 정책 강화로 인한 필수 업데이트 안내. 기한 내 미완료 시 타행 이체 및 결제가 정지됩니다. 연결: [URL],[금융보안센터] 보안 정책 강화로 인한 필수 업데이트 안내. 기한 내 미완료 시 타행 이체 및 결제가 정지됩니다. 연결: [url],smishing,1,1,DimensionV/KR-MOB-SMISHING-v2,synthetic,krmob-inc-MOB-BEN-022,inc-MOB-BEN-022:2,benign_lookalike,모바일 금융앱 업데이트 사칭,personal_number,SMS,iOS,CC BY-NC 4.0,1,0.127876,train,msg-03ef7ac1b104cce4d355,1,train,krmob-inc-MOB-BEN-022
krmob-60ec4324dc1c2358556b,[법원경찰청] 과태료 미납 안내: 귀하의 차량이 법규 위반으로 과태료가 고지되었습니다. 기한 내 미납 시 가산금이 부과되오니 즉시 확인 바랍니다. 상세내용 확인: [URL],[법원경찰청] 과태료 미납 안내: 귀하의 차량이 법규 위반으로 과태료가 고지되었습니다. 기한 내 미납 시 가산금이 부과되오니 즉시 확인 바랍니다. 상세내용 확인: [url],smishing,1,1,DimensionV/KR-MOB-SMISHING-v2,synthetic,krmob-inc-MOB-BEN-023,inc-MOB-BEN-023:1,benign_lookalike,공공기관 과태료/세금 사칭,personal_number,SMS,iOS_iPhone15,CC BY-NC 4.0,1,0.17027,train,msg-5ee97c3fb19047046f2a,1,train,krmob-inc-MOB-BEN-023
krmob-8a836719d0e54bbeb22e,"고객님, 금월 데이터 사용량이 초과되어 추가 요금이 발생할 예정입니다. 요금 명세서 및 감면 혜택을 아래에서 확인하세요. [URL]","고객님, 금월 데이터 사용량이 초과되어 추가 요금이 발생할 예정입니다. 요금 명세서 및 감면 혜택을 아래에서 확인하세요. [url]",smishing,1,1,DimensionV/KR-MOB-SMISHING-v2,synthetic,krmob-inc-MOB-BEN-024,inc-MOB-BEN-024:1,benign_lookalike,통신사 요금/데이터 사칭,personal_number,SMS,dev-ios-9921,CC BY-NC 4.0,1,0.190594,train,msg-c7044d3761dd842c9aa2,1,train,krmob-inc-MOB-BEN-024
krmob-e1996685f9cbab2f5c19,"고객님, 주소지 불명으로 배송이 중단되었습니다. 정확한 정보 확인 후 재배송 신청 바랍니다. 확인: [URL]","고객님, 주소지 불명으로 배송이 중단되었습니다. 정확한 정보 확인 후 재배송 신청 바랍니다. 확인: [url]",normal,1,1,DimensionV/KR-MOB-SMISHING-v2,synthetic,krmob-inc-MOB-BEN-029,inc-MOB-BEN-029:1,benign,택배/배송 실패 사칭,verified_sender,SMS,Android,CC BY-NC 4.0,1,0.212534,validation,msg-ad083b4bdbae3201c68f,1,train,krmob-inc-MOB-BEN-029
krmob-f8314cef5cb0144f252a,[국세청] 2026년 3기 부가가치세 미납 안내. 납부기한: 10/25. 상세내역 확인: [URL],[국세청] 2026년 3기 부가가치세 미납 안내. 납부기한: 10/25. 상세내역 확인: [url],normal,1,1,DimensionV/KR-MOB-SMISHING-v2,synthetic,krmob-inc-MOB-BEN-030,inc-MOB-BEN-030:1,benign,공공기관 과태료/세금 사칭,verified_sender,SMS,Android,CC BY-NC 4.0,1,0.154224,train,msg-03ef7ac1b104cce4d355,1,train,krmob-inc-MOB-BEN-030
krmob-a1ed0039637f83fee3d0,[배송알림] 주소지 불분명으로 배송이 중단되었습니다. 정상적인 배송을 위해 아래 주소에서 정보를 수정해주세요. [URL],[배송알림] 주소지 불분명으로 배송이 중단되었습니다. 정상적인 배송을 위해 아래 주소에서 정보를 수정해주세요. [url],normal,1,1,DimensionV/KR-MOB-SMISHING-v2,synthetic,krmob-inc-MOB-BEN-031,inc-MOB-BEN-031:1,benign,택배/배송 실패 사칭,verified_sender,SMS,Android,CC BY-NC 4.0,1,0.241222,validation,msg-ad083b4bdbae3201c68f,1,train,krmob-inc-MOB-BEN-031
krmob-1294583e17c35ff04366,[사칭안내] 2026 하반기 신입사원 채용 최종 합격을 축하드립니다. 입사 서류 제출 기한이 오늘 18시까지입니다. 미제출 시 합격이 취소될 수 있으니 아래 링크에서 확인 바랍니다. [URL],[사칭안내] 2026 하반기 신입사원 채용 최종 합격을 축하드립니다. 입사 서류 제출 기한이 오늘 18시까지입니다. 미제출 시 합격이 취소될 수 있으니 아래 링크에서 확인 바랍니다. [url],smishing,1,1,DimensionV/KR-MOB-SMISHING-v2,synthetic,krmob-inc-MOB-BEN-032,inc-MOB-BEN-032:1,benign_lookalike,채용/면접 결과 사칭,personal_number,SMS,Android,CC BY-NC 4.0,1,0.170172,test,msg-6cc91b9bb363bab6f958,1,train,krmob-inc-MOB-BEN-032
krmob-e967d0cfba8f19aa852a,[정부민원포털] 법규위반 과태료 미납 안내. 납부기한 경과 시 가산금 부과 및 압류 조치 예정. 확인: [URL],[정부민원포털] 법규위반 과태료 미납 안내. 납부기한 경과 시 가산금 부과 및 압류 조치 예정. 확인: [url],smishing,1,1,DimensionV/KR-MOB-SMISHING-v2,synthetic,krmob-inc-MOB-BEN-033,inc-MOB-BEN-033:1,benign_lookalike,공공기관 과태료/세금 사칭,personal_number,SMS,Android,CC BY-NC 4.0,1,0.171002,train,msg-03ef7ac1b104cce4d355,1,train,krmob-inc-MOB-BEN-033
krmob-397845d491eb68c5abf8,[해외결제] 10/21 15:48 USD 849.00 승인완료. 본인 아닐 시 즉시 확인 및 취소 신청: [URL],[해외결제] 10/21 15:48 usd 849.00 승인완료. 본인 아닐 시 즉시 확인 및 취소 신청: [url],smishing,1,1,DimensionV/KR-MOB-SMISHING-v2,synthetic,krmob-inc-MOB-BEN-034,inc-MOB-BEN-034:1,benign_lookalike,결제/승인 확인 사칭,personal_number,SMS,dev-and-4421,CC BY-NC 4.0,1,0.192561,train,msg-730ac32bb52515f362b7,1,train,krmob-inc-MOB-BEN-034
krmob-340a733e12248b27389c,"[결제알림] 고객님 성함으로 942,000원이 승인 예정입니다. 미확인 시 자동 결제됩니다. 상세내용 확인: [URL]","[결제알림] 고객님 성함으로 942,000원이 승인 예정입니다. 미확인 시 자동 결제됩니다. 상세내용 확인: [url]",smishing,1,1,DimensionV/KR-MOB-SMISHING-v2,synthetic,krmob-inc-MOB-BEN-034,inc-MOB-BEN-034:2,benign_lookalike,결제/승인 확인 사칭,personal_number,SMS,dev-ios-9912,CC BY-NC 4.0,1,0.183693,validation,msg-d12fbc1beed86bc99252,1,train,krmob-inc-MOB-BEN-034
krmob-256d3a331d08fa55b9d2,"[알림] 02/16 12:34 카드 승인 48,200원(일시불). 본인 요청이 아닐 경우 고객센터(1588-xxxx)로 문의하시거나 당사 홈페이지에서 확인 바랍니다.","[알림] 02/16 12:34 카드 승인 48,200원(일시불). 본인 요청이 아닐 경우 고객센터(1588-xxxx)로 문의하시거나 당사 홈페이지에서 확인 바랍니다.",normal,0,0,DimensionV/KR-MOB-SMISHING-v2,synthetic,krmob-inc-MOB-BEN-039,inc-MOB-BEN-039:1,benign,결제/승인 확인 사칭 (정상 건),verified_sender,SMS,iOS_iPhone15Pro,CC BY-NC 4.0,1,0.201144,test,msg-52f57e84638c37bc1c85,1,train,krmob-inc-MOB-BEN-039
krmob-ec35e45d6713682891e1,[보안통지] 고객님의 계정에 새로운 기기에서 로그인이 감지되었습니다. 본인이 아닐 경우 즉시 확인하십시오: [URL],[보안통지] 고객님의 계정에 새로운 기기에서 로그인이 감지되었습니다. 본인이 아닐 경우 즉시 확인하십시오: [url],normal,1,1,DimensionV/KR-MOB-SMISHING-v2,synthetic,krmob-inc-MOB-BEN-040,inc-MOB-BEN-040:1,benign,계정 보안 경고 사칭,verified_sender,SMS,Android,CC BY-NC 4.0,1,0.178025,train,msg-7a07c4930e4998a56751,1,train,krmob-inc-MOB-BEN-040
krmob-f6590965c7bb82ae5f9c,"[정부24] 고객님, 자동차세 미납분(32,440원)이 발생하였습니다. 기한 내 납부하지 않을 경우 가산금이 부과됩니다. 상세 내역 확인: [URL]","[정부24] 고객님, 자동차세 미납분(32,440원)이 발생하였습니다. 기한 내 납부하지 않을 경우 가산금이 부과됩니다. 상세 내역 확인: [url]",normal,1,1,DimensionV/KR-MOB-SMISHING-v2,synthetic,krmob-inc-MOB-BEN-041,inc-MOB-BEN-041:1,benign,공공기관 과태료/세금 사칭,verified_sender,SMS,Android,CC BY-NC 4.0,1,0.129649,validation,msg-151d06c5cbf9c236d2ae,1,train,krmob-inc-MOB-BEN-041
krmob-9bc9aa8049620245e03c,[법규위반알림] 귀하의 차량이 교통법규 위반(신호위반)으로 과태료가 부과되었습니다. 상세내용 확인 및 납부: [URL],[법규위반알림] 귀하의 차량이 교통법규 위반(신호위반)으로 과태료가 부과되었습니다. 상세내용 확인 및 납부: [url],smishing,1,1,DimensionV/KR-MOB-SMISHING-v2,synthetic,krmob-inc-MOB-BEN-042,inc-MOB-BEN-042:1,benign_lookalike,공공기관 과태료/세금 사칭,personal_number,SMS,Android,CC BY-NC 4.0,1,0.261117,train,msg-5ee97c3fb19047046f2a,1,train,krmob-inc-MOB-BEN-042
krmob-663e97169e47a7182c09,"고객님, 공동인증서 만료가 오늘 24시 임박하였습니다. 갱신하지 않을 경우 내일부터 모든 금융거래가 중단됩니다. 즉시 갱신: [URL]","고객님, 공동인증서 만료가 오늘 24시 임박하였습니다. 갱신하지 않을 경우 내일부터 모든 금융거래가 중단됩니다. 즉시 갱신: [url]",smishing,1,1,DimensionV/KR-MOB-SMISHING-v2,synthetic,krmob-inc-MOB-BEN-043,inc-MOB-BEN-043:1,benign_lookalike,인증서 갱신/만료 사칭,personal_number,SMS,dev-ios-9902,CC BY-NC 4.0,1,0.131626,train,msg-76a5446ecd681d1d75f0,1,train,krmob-inc-MOB-BEN-043
krmob-cadf632457c6093ac92b,"[결제알림] 02/16 18:20 985,000원 승인완료. 본인 아닐 시 즉시 신고 및 자동 승인 차단: [URL]","[결제알림] 02/16 18:20 985,000원 승인완료. 본인 아닐 시 즉시 신고 및 자동 승인 차단: [url]",smishing,1,1,DimensionV/KR-MOB-SMISHING-v2,synthetic,krmob-inc-MOB-BEN-044,inc-MOB-BEN-044:1,benign_lookalike,결제/승인 확인 사칭,personal_number,SMS,Android,CC BY-NC 4.0,1,0.317098,train,msg-29618cee18396e8a8e81,1,train,krmob-inc-MOB-BEN-044
krmob-28955cbc60083b9e1f17,[XX커리어] 하반기 정기 채용 1차 서류 전형 결과 안내. 귀하의 합격을 축하드립니다. 세부 안내 및 면접 일정 확인: [URL],[xx커리어] 하반기 정기 채용 1차 서류 전형 결과 안내. 귀하의 합격을 축하드립니다. 세부 안내 및 면접 일정 확인: [url],normal,1,1,DimensionV/KR-MOB-SMISHING-v2,synthetic,krmob-inc-MOB-BEN-047,inc-MOB-BEN-047:1,benign,채용/면접 결과 사칭,verified_sender,SMS,dv-AND-6523,CC BY-NC 4.0,1,0.210608,test,msg-6cc91b9bb363bab6f958,1,train,krmob-inc-MOB-BEN-047
krmob-57eaaca03534dcd75a23,"고객님, 10월분 데이터 이용량이 초과되어 추가 요금이 발생할 예정입니다. 상세 내역 및 요금제 변경은 공식 홈페이지([URL] 확인해 주세요.","고객님, 10월분 데이터 이용량이 초과되어 추가 요금이 발생할 예정입니다. 상세 내역 및 요금제 변경은 공식 홈페이지([url] 확인해 주세요.",normal,1,1,DimensionV/KR-MOB-SMISHING-v2,synthetic,krmob-inc-MOB-BEN-048,inc-MOB-BEN-048:1,benign,통신사 요금/데이터 사칭,verified_sender,SMS,dev-IOS-9921,CC BY-NC 4.0,1,0.144036,train,msg-954b014d938b28aa0ec3,1,train,krmob-inc-MOB-BEN-048
krmob-1a047c4056c39837d6dd,[정부24] 고객님의 공동인증서가 3일 뒤 만료 예정입니다. 갱신을 원하시면 공식 홈페이지([URL] 방문하여 절차를 진행해 주세요.,[정부24] 고객님의 공동인증서가 3일 뒤 만료 예정입니다. 갱신을 원하시면 공식 홈페이지([url] 방문하여 절차를 진행해 주세요.,normal,1,1,DimensionV/KR-MOB-SMISHING-v2,synthetic,krmob-inc-MOB-BEN-049,inc-MOB-BEN-049:1,benign,인증서 갱신/만료 사칭,verified_sender,SMS,Android,CC BY-NC 4.0,1,0.145434,train,msg-bcba3dca33f9f75337a0,1,train,krmob-inc-MOB-BEN-049
krmob-0f413125e152bc98967f,[기획재정부] 2026년 하반기 미수령 정부지원환급금 신청안내. 금일 만료 예정입니다. 즉시 확인 바랍니다. [URL],[기획재정부] 2026년 하반기 미수령 정부지원환급금 신청안내. 금일 만료 예정입니다. 즉시 확인 바랍니다. [url],smishing,1,1,DimensionV/KR-MOB-SMISHING-v2,synthetic,krmob-inc-MOB-BEN-051,inc-MOB-BEN-051:1,benign_lookalike,정부지원금/환급금 사칭,personal_number,SMS,Android,CC BY-NC 4.0,1,0.196057,train,msg-399b28d09b56f8e85326,1,train,krmob-inc-MOB-BEN-051
krmob-3c06822585b04ed7adc3,[기획재정부] 고객님 앞으로 배정된 미수령 지원금이 있습니다. 미신청시 국고 환수되오니 신청바랍니다. [URL],[기획재정부] 고객님 앞으로 배정된 미수령 지원금이 있습니다. 미신청시 국고 환수되오니 신청바랍니다. [url],smishing,1,1,DimensionV/KR-MOB-SMISHING-v2,synthetic,krmob-inc-MOB-BEN-051,inc-MOB-BEN-051:2,benign_lookalike,정부지원금/환급금 사칭,personal_number,SMS,iOS,CC BY-NC 4.0,1,0.178863,train,msg-fedc0d6014b5f24a5686,1,train,krmob-inc-MOB-BEN-051
krmob-166a7e831b4ff2357bef,"엄마, 나 핸드폰 액정 깨져서 수리 맡겼어. 지금 임시폰이라 연락이 안 돼. 급하게 결제할 게 있는데 도와줄 수 있어? 아래 링크로 확인 좀 해줘. [URL]","엄마, 나 핸드폰 액정 깨져서 수리 맡겼어. 지금 임시폰이라 연락이 안 돼. 급하게 결제할 게 있는데 도와줄 수 있어? 아래 링크로 확인 좀 해줘. [url]",smishing,1,1,DimensionV/KR-MOB-SMISHING-v2,synthetic,krmob-inc-MOB-BEN-052,inc-MOB-BEN-052:1,benign_lookalike,가족/지인 사칭 긴급 송금,personal_number,SMS,Android,CC BY-NC 4.0,1,0.225836,train,msg-bb5a4640eee306e11287,1,train,krmob-inc-MOB-BEN-052
krmob-67d01416857925fcdc96,[정부지원센터] 2025년 상반기 근로장려금 미수령액 발생. 금일 24시 소액 소멸 예정이오니 즉시 신청바랍니다. 확인: [URL],[정부지원센터] 2025년 상반기 근로장려금 미수령액 발생. 금일 24시 소액 소멸 예정이오니 즉시 신청바랍니다. 확인: [url],normal,1,1,DimensionV/KR-MOB-SMISHING-v2,synthetic,krmob-inc-MOB-BEN-056,inc-MOB-BEN-056:1,benign,정부지원금/환급금 사칭,verified_sender,SMS,dv-AND-9284,CC BY-NC 4.0,1,0.195046,train,msg-91d2437e3751009677ab,1,train,krmob-inc-MOB-BEN-056
krmob-314d2b08cc86e212d6ea,"아빠, 나 폰 액정 깨져서 수리 맡겼어. 지금 급하게 이체해야 할 게 있는데 내 폰이 안 돼서 그래. 확인하면 여기로 답장 좀 줘: [URL]","아빠, 나 폰 액정 깨져서 수리 맡겼어. 지금 급하게 이체해야 할 게 있는데 내 폰이 안 돼서 그래. 확인하면 여기로 답장 좀 줘: [url]",normal,1,1,DimensionV/KR-MOB-SMISHING-v2,synthetic,krmob-inc-MOB-BEN-057,inc-MOB-BEN-057:1,benign,가족/지인 사칭 긴급 송금,verified_sender,SMS,iOS_iPhone_15_Pro,CC BY-NC 4.0,1,0.239959,train,msg-b42fe9f654595657fa35,1,train,krmob-inc-MOB-BEN-057
krmob-76b61c29eeb94dc10aab,"고객님, 배송지 주소 불일치로 인해 물품이 반송될 예정입니다. 오늘 중 주소를 확인해주시기 바랍니다. 확인하기: [URL]","고객님, 배송지 주소 불일치로 인해 물품이 반송될 예정입니다. 오늘 중 주소를 확인해주시기 바랍니다. 확인하기: [url]",normal,1,1,DimensionV/KR-MOB-SMISHING-v2,synthetic,krmob-inc-MOB-BEN-058,inc-MOB-BEN-058:1,benign,택배/배송 실패 사칭,verified_sender,SMS,dev-and-9921,CC BY-NC 4.0,1,0.257589,test,msg-d0ade4b234b0c8a2a8b4,1,train,krmob-inc-MOB-BEN-058
krmob-8fe8c3c58dd13619bb54,"고객님, 공동인증서가 오늘 만료될 예정입니다. 만료 시 모든 금융 서비스 이용이 제한되오니 즉시 갱신해 주시기 바랍니다. [URL]","고객님, 공동인증서가 오늘 만료될 예정입니다. 만료 시 모든 금융 서비스 이용이 제한되오니 즉시 갱신해 주시기 바랍니다. [url]",smishing,1,1,DimensionV/KR-MOB-SMISHING-v2,synthetic,krmob-inc-MOB-BEN-059,inc-MOB-BEN-059:1,benign_lookalike,인증서 갱신/만료 사칭,personal_number,SMS,Android,CC BY-NC 4.0,1,0.192147,train,msg-b366110e17c486b16b15,1,train,krmob-inc-MOB-BEN-059
krmob-20d23fc562ce3fcadc43,엄마 나 폰 액정 깨져서 수리 맡겼어. 지금 급하게 송금해야 할 데가 있는데 대신 좀 해줄 수 있어? 확인하면 이 링크로 톡 줘. [URL],엄마 나 폰 액정 깨져서 수리 맡겼어. 지금 급하게 송금해야 할 데가 있는데 대신 좀 해줄 수 있어? 확인하면 이 링크로 톡 줘. [url],smishing,1,1,DimensionV/KR-MOB-SMISHING-v2,synthetic,krmob-inc-MOB-BEN-060,inc-MOB-BEN-060:1,benign_lookalike,가족/지인 사칭 긴급 송금,personal_number,SMS,iOS-DEV-9921,CC BY-NC 4.0,1,0.270812,test,msg-938e5ce5d90e1dcab596,1,train,krmob-inc-MOB-BEN-060
krmob-2ee1d39ae3b942963910,"[정부24] 고객님, 미수령 정부지원환급금 482,000원이 확인되었습니다. 금일 18시까지 미신청 시 소멸되오니 즉시 확인 바랍니다. 확인: [URL]","[정부24] 고객님, 미수령 정부지원환급금 482,000원이 확인되었습니다. 금일 18시까지 미신청 시 소멸되오니 즉시 확인 바랍니다. 확인: [url]",smishing,1,1,DimensionV/KR-MOB-SMISHING-v2,synthetic,krmob-inc-MOB-BEN-061,inc-MOB-BEN-061:1,benign_lookalike,정부지원금/환급금 사칭,short_code,SMS,Android,CC BY-NC 4.0,1,0.216532,train,msg-b6f37fb1d2c3a0fbee23,1,train,krmob-inc-MOB-BEN-061
krmob-34d2b8753303d3594547,고객님의 계정에 비정상적인 로그인이 시도되었습니다. 본인 확인이 완료될 때까지 계정이 일시 보호됩니다. 확인: [URL],고객님의 계정에 비정상적인 로그인이 시도되었습니다. 본인 확인이 완료될 때까지 계정이 일시 보호됩니다. 확인: [url],normal,1,1,DimensionV/KR-MOB-SMISHING-v2,synthetic,krmob-inc-MOB-BEN-067,inc-MOB-BEN-067:1,benign,계정 보안 경고 사칭,verified_sender,SMS,Android,CC BY-NC 4.0,1,0.251384,train,msg-7299ecb4c4fdc45a52e9,1,train,krmob-inc-MOB-BEN-067
krmob-06db2c69b621e834ac49,[정부민원안내] 귀하의 자동차세 미납액에 따른 과태료가 부과되었습니다. 상세내역 확인: [URL],[정부민원안내] 귀하의 자동차세 미납액에 따른 과태료가 부과되었습니다. 상세내역 확인: [url],normal,1,1,DimensionV/KR-MOB-SMISHING-v2,synthetic,krmob-inc-MOB-BEN-068,inc-MOB-BEN-068:1,benign,공공기관 과태료/세금 사칭,verified_sender,SMS,Android,CC BY-NC 4.0,1,0.134762,test,msg-be76b338b40286608b7f,1,train,krmob-inc-MOB-BEN-068
krmob-98d47acae9280d087b3b,[금융기관] 고객님의 공동인증서가 금일 만료될 예정입니다. 만료 시 금융거래가 제한되오니 아래 링크를 통해 갱신하시기 바랍니다. [URL],[금융기관] 고객님의 공동인증서가 금일 만료될 예정입니다. 만료 시 금융거래가 제한되오니 아래 링크를 통해 갱신하시기 바랍니다. [url],smishing,1,1,DimensionV/KR-MOB-SMISHING-v2,synthetic,krmob-inc-MOB-BEN-069,inc-MOB-BEN-069:1,benign_lookalike,인증서 갱신/만료 사칭,short_code,SMS,Android,CC BY-NC 4.0,1,0.161912,train,msg-a4ba71125e6d46ec5751,1,train,krmob-inc-MOB-BEN-069
krmob-ee76663d7860d8fd5a58,"고객님, 주소지 불분명으로 택배 반송 예정입니다. 오늘 내로 아래 링크에서 주소 확인 및 재배송 요청 부탁드립니다. [URL]","고객님, 주소지 불분명으로 택배 반송 예정입니다. 오늘 내로 아래 링크에서 주소 확인 및 재배송 요청 부탁드립니다. [url]",smishing,1,1,DimensionV/KR-MOB-SMISHING-v2,synthetic,krmob-inc-MOB-BEN-070,inc-MOB-BEN-070:1,benign_lookalike,택배/배송 실패 사칭,personal_number,SMS,dev-apple-092,CC BY-NC 4.0,1,0.181225,train,msg-ad821e9dceff9a05f396,1,train,krmob-inc-MOB-BEN-070
krmob-812076fc78e8d3b13146,"고객님, 금월 데이터 사용량이 기본 제공량을 초과하여 추가 요금이 발생될 예정입니다. 잔여 데이터 및 요금 명세서는 공식 앱에서 확인해 주시기 바랍니다. [URL]","고객님, 금월 데이터 사용량이 기본 제공량을 초과하여 추가 요금이 발생될 예정입니다. 잔여 데이터 및 요금 명세서는 공식 앱에서 확인해 주시기 바랍니다. [url]",normal,1,1,DimensionV/KR-MOB-SMISHING-v2,synthetic,krmob-inc-MOB-BEN-074,inc-MOB-BEN-074:1,benign,통신사 요금/데이터 사칭,verified_sender,SMS,dev-ios-9981,CC BY-NC 4.0,1,0.227028,validation,msg-a2ff8dbe83f94fd85351,1,train,krmob-inc-MOB-BEN-074
krmob-2ec2b96e3f3c2bde6a14,아빠 나 핸드폰 액정 깨져서 수리 맡겼어. 지금 급하게 송금할 데가 있는데 대신 좀 해줄 수 있어? 확인하면 답장 줘.,아빠 나 핸드폰 액정 깨져서 수리 맡겼어. 지금 급하게 송금할 데가 있는데 대신 좀 해줄 수 있어? 확인하면 답장 줘.,normal,0,0,DimensionV/KR-MOB-SMISHING-v2,synthetic,krmob-inc-MOB-BEN-075,inc-MOB-BEN-075:1,benign,가족/지인 사칭 긴급 송금,verified_sender,SMS,Android,CC BY-NC 4.0,1,0.263987,train,msg-bb5a4640eee306e11287,1,train,krmob-inc-MOB-BEN-075
krmob-f02cdb4417bf1d2507bd,"고객님, 금월 데이터 사용량이 초과되었습니다. 추가 과금 방지를 위해 요금제 변경 또는 초과 확인이 필요합니다. 상세내역 확인: [URL]","고객님, 금월 데이터 사용량이 초과되었습니다. 추가 과금 방지를 위해 요금제 변경 또는 초과 확인이 필요합니다. 상세내역 확인: [url]",normal,1,1,DimensionV/KR-MOB-SMISHING-v2,synthetic,krmob-inc-MOB-BEN-076,inc-MOB-BEN-076:1,benign,통신사 요금/데이터 사칭,verified_sender,SMS,dev-apple-1102,CC BY-NC 4.0,1,0.152195,train,msg-3e6189b38b3ebe2e0437,1,train,krmob-inc-MOB-BEN-076
krmob-f350b1d095d6d1851df3,고객님의 계정에 새로운 기기에서 로그인이 감지되었습니다. 본인이 아니실 경우 아래 링크를 통해 계정 보호 조치를 취하시기 바랍니다. [URL],고객님의 계정에 새로운 기기에서 로그인이 감지되었습니다. 본인이 아니실 경우 아래 링크를 통해 계정 보호 조치를 취하시기 바랍니다. [url],smishing,1,1,DimensionV/KR-MOB-SMISHING-v2,synthetic,krmob-inc-MOB-BEN-077,inc-MOB-BEN-077:1,benign_lookalike,계정 보안 경고 사칭,personal_number,SMS,Android,CC BY-NC 4.0,1,0.188743,train,msg-dbac9981d1e02b03411b,1,train,krmob-inc-MOB-BEN-077
krmob-438812178a2c305a896b,"고객님, 최신 금융 보안 정책에 따라 앱 업데이트가 필요합니다. 미업데이트 시 당일 24시부터 뱅킹 서비스 이용이 제한됩니다. 확인: [URL]","고객님, 최신 금융 보안 정책에 따라 앱 업데이트가 필요합니다. 미업데이트 시 당일 24시부터 뱅킹 서비스 이용이 제한됩니다. 확인: [url]",smishing,1,1,DimensionV/KR-MOB-SMISHING-v2,synthetic,krmob-inc-MOB-BEN-078,inc-MOB-BEN-078:1,benign_lookalike,모바일 금융앱 업데이트 사칭,personal_number,SMS,Android,CC BY-NC 4.0,1,0.15696,validation,msg-83a3ee395282cc03ea88,1,train,krmob-inc-MOB-BEN-078
krmob-46e955c26a064a894a57,[채용공고] 귀하의 최종 면접 결과를 안내드립니다. 결과 확인 및 등록을 위해 금일 18시까지 아래 URL을 통해 서류 제출을 완료해 주시기 바랍니다. 미제출 시 합격이 취소될 수 있습니다. [URL],[채용공고] 귀하의 최종 면접 결과를 안내드립니다. 결과 확인 및 등록을 위해 금일 18시까지 아래 url을 통해 서류 제출을 완료해 주시기 바랍니다. 미제출 시 합격이 취소될 수 있습니다. [url],smishing,1,1,DimensionV/KR-MOB-SMISHING-v2,synthetic,krmob-inc-MOB-BEN-079,inc-MOB-BEN-079:1,benign_lookalike,채용/면접 결과 사칭,personal_number,SMS,iPhone 15 Pro,CC BY-NC 4.0,1,0.149108,train,msg-a7235f0e4d44b5b8fdaa,1,train,krmob-inc-MOB-BEN-079
krmob-5188c1a63d467eadd5ec,"엄마, 나 핸드폰 액정 깨져서 수리 맡겼어. 지금 급하게 이체할 게 있는데 내 폰이 안 돼서 그래. 이 번호로 답장 좀 줘.","엄마, 나 핸드폰 액정 깨져서 수리 맡겼어. 지금 급하게 이체할 게 있는데 내 폰이 안 돼서 그래. 이 번호로 답장 좀 줘.",normal,0,0,DimensionV/KR-MOB-SMISHING-v2,synthetic,krmob-inc-MOB-BEN-084,inc-MOB-BEN-084:1,benign,가족/지인 사칭 긴급 송금,personal_number,SMS,Android,CC BY-NC 4.0,1,0.230111,train,msg-bb5a4640eee306e11287,1,train,krmob-inc-MOB-BEN-084
krmob-c8d1853e720c38812fe4,"고객님, 최신 보안 정책에 따라 금융앱 필수 업데이트가 필요합니다. 17:00까지 업데이트 미완료 시 앱 이용이 제한될 수 있습니다. [URL]","고객님, 최신 보안 정책에 따라 금융앱 필수 업데이트가 필요합니다. 17:00까지 업데이트 미완료 시 앱 이용이 제한될 수 있습니다. [url]",normal,1,1,DimensionV/KR-MOB-SMISHING-v2,synthetic,krmob-inc-MOB-BEN-085,inc-MOB-BEN-085:1,benign,모바일 금융앱 업데이트 사칭,verified_sender,SMS,Android,CC BY-NC 4.0,1,0.164237,train,msg-d6441157b1184c30f6c0,1,train,krmob-inc-MOB-BEN-085
krmob-5e5be2fa6476a0bcdc7e,"아빠, 나 폰 액정 깨져서 수리 맡겼어. 급하게 결제할 게 있는데 이 번호로 연락 줘. 확인하면 여기 링크 눌러서 톡 줘. [URL]","아빠, 나 폰 액정 깨져서 수리 맡겼어. 급하게 결제할 게 있는데 이 번호로 연락 줘. 확인하면 여기 링크 눌러서 톡 줘. [url]",normal,1,1,DimensionV/KR-MOB-SMISHING-v2,synthetic,krmob-inc-MOB-BEN-086,inc-MOB-BEN-086:1,benign,가족/지인 사칭 긴급 송금,verified_sender,SMS,Android,CC BY-NC 4.0,1,0.245482,train,msg-3deb3a161a23b32aea25,1,train,krmob-inc-MOB-BEN-086
krmob-401c85f919d990386276,[법원감찰국] 미납 과태료 알림: 2026년 06월 18일 현재 미납된 과태료가 발생하였습니다. 납부 기한 경과 시 가산금이 부과됩니다. 상세 내역 및 납부 안내: [URL],[법원감찰국] 미납 과태료 알림: 2026년 06월 18일 현재 미납된 과태료가 발생하였습니다. 납부 기한 경과 시 가산금이 부과됩니다. 상세 내역 및 납부 안내: [url],smishing,1,1,DimensionV/KR-MOB-SMISHING-v2,synthetic,krmob-inc-MOB-BEN-087,inc-MOB-BEN-087:1,benign_lookalike,공공기관 과태료/세금 사칭,personal_number,SMS,Android,CC BY-NC 4.0,1,0.178726,validation,msg-151d06c5cbf9c236d2ae,1,train,krmob-inc-MOB-BEN-087
krmob-37db9f377bc0d555462e,[채용안내] 귀하의 서류전형 합격을 축하드립니다. 면접 일정 및 증빙서류 제출 안내는 아래 링크에서 확인 바랍니다. 당일 18시까지 미확인 시 합격이 취소될 수 있습니다. 확인: [URL],[채용안내] 귀하의 서류전형 합격을 축하드립니다. 면접 일정 및 증빙서류 제출 안내는 아래 링크에서 확인 바랍니다. 당일 18시까지 미확인 시 합격이 취소될 수 있습니다. 확인: [url],smishing,1,1,DimensionV/KR-MOB-SMISHING-v2,synthetic,krmob-inc-MOB-BEN-088,inc-MOB-BEN-088:1,benign_lookalike,채용/면접 결과 사칭,personal_number,SMS,dev-ios-9932,CC BY-NC 4.0,1,0.168492,test,msg-6cc91b9bb363bab6f958,1,train,krmob-inc-MOB-BEN-088
krmob-38a1100ada0153b2c3cc,"[결제알림] 2026/06/18 13:05 98,200원 승인완료. 본인 요청이 아닐 시 즉시 확인 및 신고 바랍니다. [URL]","[결제알림] 2026/06/18 13:05 98,200원 승인완료. 본인 요청이 아닐 시 즉시 확인 및 신고 바랍니다. [url]",smishing,1,1,DimensionV/KR-MOB-SMISHING-v2,synthetic,krmob-inc-MOB-BEN-089,inc-MOB-BEN-089:1,benign_lookalike,결제/승인 확인 사칭,personal_number,SMS,Android,CC BY-NC 4.0,1,0.208621,validation,msg-57f7b4e6910ba0e4a5a6,1,train,krmob-inc-MOB-BEN-089
krmob-bc618c179f5b95ee6386,"[결제알림] [NUMBER]:45 고객님 명의로 48,500원(가전) 승인완료. 본인 아닐 시 즉시 확인: [URL]","[결제알림] [number]:45 고객님 명의로 48,500원(가전) 승인완료. 본인 아닐 시 즉시 확인: [url]",normal,1,1,DimensionV/KR-MOB-SMISHING-v2,synthetic,krmob-inc-MOB-BEN-093,inc-MOB-BEN-093:1,benign,결제/승인 확인 사칭 (정상 서비스 이용),verified_sender,SMS,Android,CC BY-NC 4.0,1,0.195007,validation,msg-987c236900a8207fd8e6,1,train,krmob-inc-MOB-BEN-093
krmob-5c1514edbe143ffd0c1e,"고객님, 금융 보안 정책에 따라 금융앱의 필수 업데이트가 필요합니다. 안전한 이용을 위해 공식 스토어를 통해 업데이트를 완료해 주시기 바랍니다. 상세내용: [URL]","고객님, 금융 보안 정책에 따라 금융앱의 필수 업데이트가 필요합니다. 안전한 이용을 위해 공식 스토어를 통해 업데이트를 완료해 주시기 바랍니다. 상세내용: [url]",normal,1,1,DimensionV/KR-MOB-SMISHING-v2,synthetic,krmob-inc-MOB-BEN-094,inc-MOB-BEN-094:1,benign,모바일 금융앱 업데이트 사칭 (정상 업데이트 안내),verified_sender,SMS,iOS_iPhone15_Pro,CC BY-NC 4.0,1,0.161837,train,msg-578fde4987e3d478d174,1,train,krmob-inc-MOB-BEN-094
krmob-5d4b00ae2efe85f56a7e,"[카드사] 12/22 16:53 (0000)님 카드 458,000원 승인완료. 본인 이용 아닐 시 고객센터(1588-xxxx)로 즉시 문의 바랍니다.","[카드사] 12/22 16:53 (0000)님 카드 458,000원 승인완료. 본인 이용 아닐 시 고객센터(1588-xxxx)로 즉시 문의 바랍니다.",normal,0,0,DimensionV/KR-MOB-SMISHING-v2,synthetic,krmob-inc-MOB-BEN-095,inc-MOB-BEN-095:1,benign,결제/승인 확인 사칭 (정상 알림),verified_sender,SMS,iOS-Device-9821,CC BY-NC 4.0,1,0.277718,validation,msg-57f7b4e6910ba0e4a5a6,1,train,krmob-inc-MOB-BEN-095
krmob-78fe51de50e7add10016,"[배송알림] 고객님, 주소지 불분명으로 인해 택배가 반송 예정입니다. 오늘 중 주소지 확인 부탁드립니다. 확인하기: [URL]","[배송알림] 고객님, 주소지 불분명으로 인해 택배가 반송 예정입니다. 오늘 중 주소지 확인 부탁드립니다. 확인하기: [url]",smishing,1,1,DimensionV/KR-MOB-SMISHING-v2,synthetic,krmob-inc-MOB-BEN-096,inc-MOB-BEN-096:1,benign_lookalike,택배/배송 실패 사칭,personal_number,SMS,dev-ios-9821,CC BY-NC 4.0,1,0.262619,train,msg-b8d8cf6b2442be8057ab,1,train,krmob-inc-MOB-BEN-096
krmob-df9491bdc5cbc863c0c9,"[안내] 고객님, 이번 달 데이터 기본 제공량이 초과되어 추가 과금이 발생할 예정입니다. 요금 폭탄 방지를 위해 즉시 요금제 변경 또는 잔여 데이터 확인이 필요합니다. 상세 확인: [URL]","[안내] 고객님, 이번 달 데이터 기본 제공량이 초과되어 추가 과금이 발생할 예정입니다. 요금 폭탄 방지를 위해 즉시 요금제 변경 또는 잔여 데이터 확인이 필요합니다. 상세 확인: [url]",smishing,1,1,DimensionV/KR-MOB-SMISHING-v2,synthetic,krmob-inc-MOB-BEN-097,inc-MOB-BEN-097:1,benign_lookalike,통신사 요금/데이터 사칭,personal_number,SMS,iOS_iPhone15_Pro,CC BY-NC 4.0,1,0.201216,train,msg-57e74f6a51e616e7ca2a,1,train,krmob-inc-MOB-BEN-097
krmob-023621c96b5af91ac467,[보안통지] 고객님의 계정이 새로운 환경에서 로그인되었습니다. 본인이 아닐 경우 24시간 내 아래 링크에서 차단/해제 절차를 진행하십시오. 미조치 시 계정이 영구 정지됩니다. [URL],[보안통지] 고객님의 계정이 새로운 환경에서 로그인되었습니다. 본인이 아닐 경우 24시간 내 아래 링크에서 차단/해제 절차를 진행하십시오. 미조치 시 계정이 영구 정지됩니다. [url],smishing,1,1,DimensionV/KR-MOB-SMISHING-v2,synthetic,krmob-inc-MOB-BEN-098,inc-MOB-BEN-098:1,benign_lookalike,계정 보안 경고 사칭,personal_number,SMS,iOS-DEV-9901,CC BY-NC 4.0,1,0.204168,validation,msg-8b73315ff7062a026182,1,train,krmob-inc-MOB-BEN-098
krmob-b5e9fc11e4d2c4c7795c,[금융안내] 고객님의 공동인증서 만료가 3일 남았습니다. 만료 시 모든 비대면 금융거래가 제한되오니 아래 공식 홈페이지에서 갱신하시기 바랍니다. [URL],[금융안내] 고객님의 공동인증서 만료가 3일 남았습니다. 만료 시 모든 비대면 금융거래가 제한되오니 아래 공식 홈페이지에서 갱신하시기 바랍니다. [url],normal,1,1,DimensionV/KR-MOB-SMISHING-v2,synthetic,krmob-inc-MOB-BEN-103,inc-MOB-BEN-103:1,benign,인증서 갱신/만료 사칭,verified_sender,SMS,Android,CC BY-NC 4.0,1,0.153046,test,msg-52f57e84638c37bc1c85,1,train,krmob-inc-MOB-BEN-103
krmob-facc35385a8dd8286507,"안녕하세요, 인사팀입니다. 귀하의 서류전형 결과가 발표되었습니다. 결과 확인 및 향후 안내사항은 채용 홈페이지([URL] 확인 바랍니다.","안녕하세요, 인사팀입니다. 귀하의 서류전형 결과가 발표되었습니다. 결과 확인 및 향후 안내사항은 채용 홈페이지([url] 확인 바랍니다.",normal,1,1,DimensionV/KR-MOB-SMISHING-v2,synthetic,krmob-inc-MOB-BEN-104,inc-MOB-BEN-104:1,benign,채용/면접 결과 사칭,verified_sender,SMS,Android,CC BY-NC 4.0,1,0.228893,train,msg-10d1ffe91ac15de1f848,1,train,krmob-inc-MOB-BEN-104
krmob-7d28dd497ee98102a8e0,아빠 나 폰 액정 깨져서 수리 맡겼어. 급하게 송금할 곳 있는데 이 번호로 연락줘. 확인하면 여기로 답장 부탁해.,아빠 나 폰 액정 깨져서 수리 맡겼어. 급하게 송금할 곳 있는데 이 번호로 연락줘. 확인하면 여기로 답장 부탁해.,normal,0,0,DimensionV/KR-MOB-SMISHING-v2,synthetic,krmob-inc-MOB-BEN-105,inc-MOB-BEN-105:1,benign,가족/지인 사칭 긴급 송금,verified_sender,SMS,Android,CC BY-NC 4.0,1,0.316051,train,msg-3deb3a161a23b32aea25,1,train,krmob-inc-MOB-BEN-105
krmob-7b05118e23970b415110,[국세청] 귀하의 세금 미납으로 인한 가산금 부과 예정 안내. 상세내역 확인: [URL],[국세청] 귀하의 세금 미납으로 인한 가산금 부과 예정 안내. 상세내역 확인: [url],smishing,1,1,DimensionV/KR-MOB-SMISHING-v2,synthetic,krmob-inc-MOB-BEN-106,inc-MOB-BEN-106:1,benign_lookalike,공공기관 과태료/세금 사칭,personal_number,SMS,Android,CC BY-NC 4.0,1,0.173217,train,msg-321ebf88d6dd109a53ad,1,train,krmob-inc-MOB-BEN-106
krmob-4a3034c9af091c05dbc0,[법무부] 범칙금 미납 통보. 기한 내 미확인 시 강제징수 대상입니다. 확인: [URL],[법무부] 범칙금 미납 통보. 기한 내 미확인 시 강제징수 대상입니다. 확인: [url],smishing,1,1,DimensionV/KR-MOB-SMISHING-v2,synthetic,krmob-inc-MOB-BEN-106,inc-MOB-BEN-106:2,benign_lookalike,공공기관 과태료/세금 사칭,personal_number,SMS,iOS,CC BY-NC 4.0,1,0.187033,train,msg-28d19bf88f975a83d90a,1,train,krmob-inc-MOB-BEN-106
krmob-17ec025d33a2defe7731,"고객님, 금월 데이터 사용량이 초과되어 추가 요금이 발생할 예정입니다. 요금 명세서 확인 및 데이터 안심옵션 신청은 아래 링크를 확인해 주세요. [URL]","고객님, 금월 데이터 사용량이 초과되어 추가 요금이 발생할 예정입니다. 요금 명세서 확인 및 데이터 안심옵션 신청은 아래 링크를 확인해 주세요. [url]",smishing,1,1,DimensionV/KR-MOB-SMISHING-v2,synthetic,krmob-inc-MOB-BEN-107,inc-MOB-BEN-107:1,benign_lookalike,통신사 요금/데이터 사칭,personal_number,SMS,Android,CC BY-NC 4.0,1,0.211349,train,msg-954b014d938b28aa0ec3,1,train,krmob-inc-MOB-BEN-107
krmob-9834a68d61d878b5f673,[보안통지] 고객님의 공동인증서가 오늘 만료 예정입니다. 만료 시 모든 금융거래가 제한되오니 즉시 갱신바랍니다. 확인: [URL],[보안통지] 고객님의 공동인증서가 오늘 만료 예정입니다. 만료 시 모든 금융거래가 제한되오니 즉시 갱신바랍니다. 확인: [url],smishing,1,1,DimensionV/KR-MOB-SMISHING-v2,synthetic,krmob-inc-MOB-BEN-108,inc-MOB-BEN-108:1,benign_lookalike,인증서 갱신/만료 사칭,personal_number,SMS,dev-iOS-PV2-001,CC BY-NC 4.0,1,0.161524,train,msg-793c5e24c8b9e6c78393,1,train,krmob-inc-MOB-BEN-108
krmob-5cdfa2244ee2053c018e,엄마 나 폰 액정 깨져서 수리 맡겼어. 지금 급하게 송금해야 할 데가 있는데 인증이 안 돼서 그래. 여기 주소로 들어가서 확인 좀 해줘: [URL],엄마 나 폰 액정 깨져서 수리 맡겼어. 지금 급하게 송금해야 할 데가 있는데 인증이 안 돼서 그래. 여기 주소로 들어가서 확인 좀 해줘: [url],smishing,1,1,DimensionV/KR-MOB-SMISHING-v2,synthetic,krmob-inc-MOB-MAL-003,inc-MOB-MAL-003:1,malicious,가족/지인 사칭 긴급 송금,personal_number,SMS,Android,CC BY-NC 4.0,1,0.273075,test,msg-938e5ce5d90e1dcab596,1,train,krmob-inc-MOB-MAL-003
krmob-b043f2c17110ecae29f6,"아빠, 나 핸드폰 액정 깨져서 AS 맡겼어. 지금 급하게 송금할 게 있는데 이 번호로 연락 좀 줘. [URL]","아빠, 나 핸드폰 액정 깨져서 as 맡겼어. 지금 급하게 송금할 게 있는데 이 번호로 연락 좀 줘. [url]",smishing,1,1,DimensionV/KR-MOB-SMISHING-v2,synthetic,krmob-inc-MOB-MAL-004,inc-MOB-MAL-004:1,malicious,가족/지인 사칭 긴급 송금,personal_number,SMS,Android,CC BY-NC 4.0,1,0.244891,train,msg-bb5a4640eee306e11287,1,train,krmob-inc-MOB-MAL-004
krmob-0272a7dbcd29752d07a9,"고객님, 04월 미납요금 발생으로 인하여 21일 0시부터 발신전화가 정지될 예정입니다. 미납 확인 및 납부: [URL]","고객님, 04월 미납요금 발생으로 인하여 21일 0시부터 발신전화가 정지될 예정입니다. 미납 확인 및 납부: [url]",smishing,1,1,DimensionV/KR-MOB-SMISHING-v2,synthetic,krmob-inc-MOB-MAL-008,inc-MOB-MAL-008:1,malicious,통신사 요금/데이터 사칭,personal_number,SMS,Android,CC BY-NC 4.0,1,0.133507,train,msg-957282be7b77115b5274,1,train,krmob-inc-MOB-MAL-008
krmob-f53a2f97ca73ed158640,[법규위반/미납안내] 귀하의 차량이 교통법규 위반(과태료)으로 고지되었습니다. 기한 내 납부하지 않을 경우 가산금이 부과됩니다. 상세내용 확인: [URL],[법규위반/미납안내] 귀하의 차량이 교통법규 위반(과태료)으로 고지되었습니다. 기한 내 납부하지 않을 경우 가산금이 부과됩니다. 상세내용 확인: [url],smishing,1,1,DimensionV/KR-MOB-SMISHING-v2,synthetic,krmob-inc-MOB-MAL-011,inc-MOB-MAL-011:1,malicious,공공기관 과태료/세금 사칭,personal_number,SMS,Android-1029,CC BY-NC 4.0,1,0.24034,train,msg-5ee97c3fb19047046f2a,1,train,krmob-inc-MOB-MAL-011
krmob-5cb6abd936ee74f3ac15,[국세청] 2024년 귀속 소득세 미납 안내. 미납 시 강제징수 대상입니다. 이의신청 및 납부안내: [URL],[국세청] 2024년 귀속 소득세 미납 안내. 미납 시 강제징수 대상입니다. 이의신청 및 납부안내: [url],smishing,1,1,DimensionV/KR-MOB-SMISHING-v2,synthetic,krmob-inc-MOB-MAL-011,inc-MOB-MAL-011:2,malicious,공공기관 과태료/세금 사칭,personal_number,SMS,iOS-9921,CC BY-NC 4.0,1,0.159183,test,msg-5946e6c74bf522cbd814,1,train,krmob-inc-MOB-MAL-011
krmob-e8e4446ef861ed718d6f,"고객님, 계정 내 타지역 로그인 시도가 감지되어 보안을 위해 계정이 일시 잠금되었습니다. 24시간 내 본인확인이 없을 시 계정이 영구 정지됩니다. 해제: [URL]","고객님, 계정 내 타지역 로그인 시도가 감지되어 보안을 위해 계정이 일시 잠금되었습니다. 24시간 내 본인확인이 없을 시 계정이 영구 정지됩니다. 해제: [url]",smishing,1,1,DimensionV/KR-MOB-SMISHING-v2,synthetic,krmob-inc-MOB-MAL-015,inc-MOB-MAL-015:1,malicious,계정 보안 경고 사칭,personal_number,SMS,Android,CC BY-NC 4.0,1,0.190448,train,msg-fac47f4dec7094e5bbe7,1,train,krmob-inc-MOB-MAL-015
krmob-760e02315c09256ba2eb,"[카드승인] 03/04 10:39 (0000)님 카드 984,000원 승인완료. 본인 요청 아닐 시 즉시 확인 및 신고: [URL]","[카드승인] 03/04 10:39 (0000)님 카드 984,000원 승인완료. 본인 요청 아닐 시 즉시 확인 및 신고: [url]",smishing,1,1,DimensionV/KR-MOB-SMISHING-v2,synthetic,krmob-inc-MOB-MAL-016,inc-MOB-MAL-016:1,malicious,결제/승인 확인 사칭,personal_number,SMS,Android,CC BY-NC 4.0,1,0.263718,validation,msg-57f7b4e6910ba0e4a5a6,1,train,krmob-inc-MOB-MAL-016
krmob-a7b1495331615b92ee86,[보안통지] 미확인 결제 건이 접수되었습니다. 1시간 이내 미확인 시 자동 승인 처리됩니다. 즉시 거부 처리: [URL],[보안통지] 미확인 결제 건이 접수되었습니다. 1시간 이내 미확인 시 자동 승인 처리됩니다. 즉시 거부 처리: [url],smishing,1,1,DimensionV/KR-MOB-SMISHING-v2,synthetic,krmob-inc-MOB-MAL-016,inc-MOB-MAL-016:2,malicious,결제/승인 확인 사칭,personal_number,SMS,iOS,CC BY-NC 4.0,1,0.222179,train,msg-3a40bb57862e4b91d497,1,train,krmob-inc-MOB-MAL-016
krmob-b9dd82041957e3d934ae,[공지] 고객님의 공동인증서가 금일 만료 예정입니다. 만료 시 모든 금융거래가 제한되오니 즉시 갱신바랍니다. 확인: [URL],[공지] 고객님의 공동인증서가 금일 만료 예정입니다. 만료 시 모든 금융거래가 제한되오니 즉시 갱신바랍니다. 확인: [url],smishing,1,1,DimensionV/KR-MOB-SMISHING-v2,synthetic,krmob-inc-MOB-MAL-017,inc-MOB-MAL-017:1,malicious,인증서 갱신/만료 사칭,personal_number,SMS,Android,CC BY-NC 4.0,1,0.150059,train,msg-793c5e24c8b9e6c78393,1,train,krmob-inc-MOB-MAL-017
krmob-18395ef10857e06d6100,"고객님, 배송지 주소가 불분명하여 물품이 반송 처리될 예정입니다. 오늘 중 주소지 확인 부탁드립니다. 확인: [URL]","고객님, 배송지 주소가 불분명하여 물품이 반송 처리될 예정입니다. 오늘 중 주소지 확인 부탁드립니다. 확인: [url]",smishing,1,1,DimensionV/KR-MOB-SMISHING-v2,synthetic,krmob-inc-MOB-MAL-018,inc-MOB-MAL-018:1,malicious,택배/배송 실패 사칭,personal_number,SMS,Android,CC BY-NC 4.0,1,0.215086,train,msg-b8d8cf6b2442be8057ab,1,train,krmob-inc-MOB-MAL-018
krmob-83e4ae9c3f3efba38cd1,"[결제승인] 귀하의 명의로 10/21 09:35 카드결제 948,000원이 승인되었습니다. 본인 요청이 아닐 시 즉시 확인 및 신고 바랍니다. [URL]","[결제승인] 귀하의 명의로 10/21 09:35 카드결제 948,000원이 승인되었습니다. 본인 요청이 아닐 시 즉시 확인 및 신고 바랍니다. [url]",smishing,1,1,DimensionV/KR-MOB-SMISHING-v2,synthetic,krmob-inc-MOB-MAL-025,inc-MOB-MAL-025:1,malicious,결제/승인 확인 사칭,personal_number,SMS,Android,CC BY-NC 4.0,1,0.151348,train,msg-06d228095afd151303ef,1,train,krmob-inc-MOB-MAL-025
krmob-04ab12730ac235956b65,"[안내] 고객님, 금월 데이터 사용량이 기본 제공량을 초과하여 추가 과금이 발생할 예정입니다. 요금폭탄 방지를 위해 즉시 요금제 확인 및 조정을 권고드립니다. 상세내역 확인: [URL]","[안내] 고객님, 금월 데이터 사용량이 기본 제공량을 초과하여 추가 과금이 발생할 예정입니다. 요금폭탄 방지를 위해 즉시 요금제 확인 및 조정을 권고드립니다. 상세내역 확인: [url]",smishing,1,1,DimensionV/KR-MOB-SMISHING-v2,synthetic,krmob-inc-MOB-MAL-026,inc-MOB-MAL-026:1,malicious,통신사 요금/데이터 사칭,personal_number,SMS,Android,CC BY-NC 4.0,1,0.177566,train,msg-3e6189b38b3ebe2e0437,1,train,krmob-inc-MOB-MAL-026
krmob-88f2a40a677efed32f6f,[계정안내] 회원님의 계정이 새로운 환경에서 로그인되었습니다. 본인이 아닐 경우 아래 링크를 통해 계정 보호 조치를 진행해 주세요. 24시간 내 미조치 시 계정이 영구 정지될 수 있습니다. [URL],[계정안내] 회원님의 계정이 새로운 환경에서 로그인되었습니다. 본인이 아닐 경우 아래 링크를 통해 계정 보호 조치를 진행해 주세요. 24시간 내 미조치 시 계정이 영구 정지될 수 있습니다. [url],smishing,1,1,DimensionV/KR-MOB-SMISHING-v2,synthetic,krmob-inc-MOB-MAL-027,inc-MOB-MAL-027:1,malicious,계정 보안 경고 사칭,personal_number,SMS,ios_device_001,CC BY-NC 4.0,1,0.197549,validation,msg-8b73315ff7062a026182,1,train,krmob-inc-MOB-MAL-027
krmob-88c286bafe8f6330c8ad,"[통신사] 고객님, 10월분 요금 미납으로 인해 내일 오전 10시 회선 정지 예정입니다. 미납액 확인 및 정지 해제: [URL]","[통신사] 고객님, 10월분 요금 미납으로 인해 내일 오전 10시 회선 정지 예정입니다. 미납액 확인 및 정지 해제: [url]",smishing,1,1,DimensionV/KR-MOB-SMISHING-v2,synthetic,krmob-inc-MOB-MAL-028,inc-MOB-MAL-028:1,malicious,통신사 요금/데이터 사칭,personal_number,SMS,dev-ios-9982,CC BY-NC 4.0,1,0.148666,test,msg-ee761ff3b7456340cb2a,1,train,krmob-inc-MOB-MAL-028
krmob-8e71bc93186af949fb3a,"고객님, 이번 달 데이터 사용량이 초과되었습니다. 미확인 시 추가 과금 및 회선 제한이 발생할 수 있습니다. 청구 내역 확인: [URL]","고객님, 이번 달 데이터 사용량이 초과되었습니다. 미확인 시 추가 과금 및 회선 제한이 발생할 수 있습니다. 청구 내역 확인: [url]",smishing,1,1,DimensionV/KR-MOB-SMISHING-v2,synthetic,krmob-inc-MOB-MAL-035,inc-MOB-MAL-035:1,malicious,통신사 요금/데이터 사칭,personal_number,SMS,Android,CC BY-NC 4.0,1,0.219809,train,msg-3e6189b38b3ebe2e0437,1,train,krmob-inc-MOB-MAL-035
krmob-93379418a28d77b3f83b,[알림] 미납 요금으로 인해 익일 오전 회선 정지 예정입니다. 상세 사유 및 요금 납부: [URL],[알림] 미납 요금으로 인해 익일 오전 회선 정지 예정입니다. 상세 사유 및 요금 납부: [url],smishing,1,1,DimensionV/KR-MOB-SMISHING-v2,synthetic,krmob-inc-MOB-MAL-035,inc-MOB-MAL-035:2,malicious,통신사 요금/데이터 사칭,personal_number,SMS,iOS,CC BY-NC 4.0,1,0.126354,train,msg-aa11f046ade478ad6374,1,train,krmob-inc-MOB-MAL-035
krmob-231606113ee777635a27,"[통신지원센터] 고객님, 1월분 통신요금 184,200원이 미납되어 02/17부로 회선 정지 예정입니다. 명세서 확인 및 납부: [URL]","[통신지원센터] 고객님, 1월분 통신요금 184,200원이 미납되어 02/17부로 회선 정지 예정입니다. 명세서 확인 및 납부: [url]",smishing,1,1,DimensionV/KR-MOB-SMISHING-v2,synthetic,krmob-inc-MOB-MAL-036,inc-MOB-MAL-036:1,malicious,통신사 요금/데이터 사칭,personal_number,SMS,iOS-DEV-9981,CC BY-NC 4.0,1,0.114116,train,msg-705a1385e017a809c0b0,1,train,krmob-inc-MOB-MAL-036
krmob-06d474d5aec0de955f82,"[통신사알림] 고객님, 10월분 미납 요금이 발생하여 11월 12일부로 회선 정지 예정입니다. 납부 내역 확인 및 정지 해제: [URL]","[통신사알림] 고객님, 10월분 미납 요금이 발생하여 11월 12일부로 회선 정지 예정입니다. 납부 내역 확인 및 정지 해제: [url]",smishing,1,1,DimensionV/KR-MOB-SMISHING-v2,synthetic,krmob-inc-MOB-MAL-043,inc-MOB-MAL-043:1,malicious,통신사 요금/데이터 사칭,personal_number,SMS,iOS-A491-0023,CC BY-NC 4.0,1,0.129645,train,msg-130e4fdf580157e560a9,1,train,krmob-inc-MOB-MAL-043
krmob-89dc9c76c38e8787a953,[모바일채용] 귀하의 최종 면접 합격을 축하드립니다. 합격자 등록 및 서류 제출이 오늘 17시 마감됩니다. 기한 내 미등록 시 합격이 취소될 수 있으니 반드시 확인 바랍니다. 확인: [URL],[모바일채용] 귀하의 최종 면접 합격을 축하드립니다. 합격자 등록 및 서류 제출이 오늘 17시 마감됩니다. 기한 내 미등록 시 합격이 취소될 수 있으니 반드시 확인 바랍니다. 확인: [url],smishing,1,1,DimensionV/KR-MOB-SMISHING-v2,synthetic,krmob-inc-MOB-MAL-044,inc-MOB-MAL-044:1,malicious,채용/면접 결과 사칭,personal_number,SMS,Android,CC BY-NC 4.0,1,0.185579,train,msg-1941927d5a7f389de986,1,train,krmob-inc-MOB-MAL-044
krmob-0222625ddc400d534800,[채용공고] 귀하의 최종 면접 합격을 축하드립니다. 입사지원 서류 중 누락된 사항이 있어 안내드리오니 금일 20시까지 아래 링크를 통해 본인인증 후 서류를 보완해 주시기 바랍니다. 기한 내 미제출 시 합격이 취소될 수 있습니다. [URL],[채용공고] 귀하의 최종 면접 합격을 축하드립니다. 입사지원 서류 중 누락된 사항이 있어 안내드리오니 금일 20시까지 아래 링크를 통해 본인인증 후 서류를 보완해 주시기 바랍니다. 기한 내 미제출 시 합격이 취소될 수 있습니다. [url],smishing,1,1,DimensionV/KR-MOB-SMISHING-v2,synthetic,krmob-inc-MOB-MAL-045,inc-MOB-MAL-045:1,malicious,채용/면접 결과 사칭,personal_number,SMS,dev-AND-9921,CC BY-NC 4.0,1,0.153163,test,msg-6cc91b9bb363bab6f958,1,train,krmob-inc-MOB-MAL-045
krmob-ab26dc396b342fce0aba,"고객님, 배송지 주소 불일치로 물품이 반송 예정입니다. 오늘 중 확인 부탁드립니다. 확인: [URL]","고객님, 배송지 주소 불일치로 물품이 반송 예정입니다. 오늘 중 확인 부탁드립니다. 확인: [url]",smishing,1,1,DimensionV/KR-MOB-SMISHING-v2,synthetic,krmob-inc-MOB-MAL-052,inc-MOB-MAL-052:1,malicious,택배/배송 실패 사칭,personal_number,SMS,iOS-DEV-9902,CC BY-NC 4.0,1,0.363891,test,msg-d0ade4b234b0c8a2a8b4,1,train,krmob-inc-MOB-MAL-052
krmob-04ab5e6c98afe4076297,[생활안정자금] 귀하의 미수령 정부지원금 환급금이 발생하였습니다. 금일 24시 신청 기한 만료 예정이니 즉시 확인 바랍니다. 상세내용: [URL],[생활안정자금] 귀하의 미수령 정부지원금 환급금이 발생하였습니다. 금일 24시 신청 기한 만료 예정이니 즉시 확인 바랍니다. 상세내용: [url],smishing,1,1,DimensionV/KR-MOB-SMISHING-v2,synthetic,krmob-inc-MOB-MAL-053,inc-MOB-MAL-053:1,malicious,정부지원금/환급금 사칭,short_code,SMS,dev-AND-0922,CC BY-NC 4.0,1,0.122357,train,msg-49618255608ddff0784f,1,train,krmob-inc-MOB-MAL-053
krmob-12752365f0a03e5c3022,[금융보안원] 고객님의 공동인증서가 금일 만료 예정입니다. 만료 시 모든 금융거래가 제한되오니 즉시 갱신바랍니다. 안내: [URL],[금융보안원] 고객님의 공동인증서가 금일 만료 예정입니다. 만료 시 모든 금융거래가 제한되오니 즉시 갱신바랍니다. 안내: [url],smishing,1,1,DimensionV/KR-MOB-SMISHING-v2,synthetic,krmob-inc-MOB-MAL-054,inc-MOB-MAL-054:1,malicious,인증서 갱신/만료 사칭,personal_number,SMS,Android,CC BY-NC 4.0,1,0.104644,validation,msg-8bfd86878b232f6440f7,1,train,krmob-inc-MOB-MAL-054
krmob-07bb4c82d58cac66d718,[민생경제지원] 귀하의 미수령 정부지원환급금이 확인되었습니다. 신청기한(06/08)이 금일 만료되오니 즉시 확인후 신청바랍니다. 확인: [URL],[민생경제지원] 귀하의 미수령 정부지원환급금이 확인되었습니다. 신청기한(06/08)이 금일 만료되오니 즉시 확인후 신청바랍니다. 확인: [url],smishing,1,1,DimensionV/KR-MOB-SMISHING-v2,synthetic,krmob-inc-MOB-MAL-055,inc-MOB-MAL-055:1,malicious,정부지원금/환급금 사칭,personal_number,SMS,dev-IPHONE-9921,CC BY-NC 4.0,1,0.170738,train,msg-b6f37fb1d2c3a0fbee23,1,train,krmob-inc-MOB-MAL-055
krmob-98e45e44180ea8e9d516,[보안통지] 고객님의 금융 서비스 이용 제한 안내. 최신 보안 패치가 적용되지 않은 기기로 확인되었습니다. 즉시 업데이트가 필요합니다. 확인: [URL],[보안통지] 고객님의 금융 서비스 이용 제한 안내. 최신 보안 패치가 적용되지 않은 기기로 확인되었습니다. 즉시 업데이트가 필요합니다. 확인: [url],smishing,1,1,DimensionV/KR-MOB-SMISHING-v2,synthetic,krmob-inc-MOB-MAL-062,inc-MOB-MAL-062:1,malicious,모바일 금융앱 업데이트 사칭,personal_number,SMS,iOS-DEV-9912,CC BY-NC 4.0,1,0.140843,train,msg-28d19bf88f975a83d90a,1,train,krmob-inc-MOB-MAL-062
krmob-a61a8fe3248b0d2458f3,공동인증서 만료 안내: 고객님의 공동인증서 만료가 금일 24시 예정입니다. 만료 시 금융거래 및 공공기관 이용이 제한되오니 즉시 갱신하시기 바랍니다. 갱신하기: [URL],공동인증서 만료 안내: 고객님의 공동인증서 만료가 금일 24시 예정입니다. 만료 시 금융거래 및 공공기관 이용이 제한되오니 즉시 갱신하시기 바랍니다. 갱신하기: [url],smishing,1,1,DimensionV/KR-MOB-SMISHING-v2,synthetic,krmob-inc-MOB-MAL-063,inc-MOB-MAL-063:1,malicious,인증서 갱신/만료 사칭,personal_number,SMS,Android,CC BY-NC 4.0,1,0.105696,train,msg-d420eb7b85cf7c471d66,1,train,krmob-inc-MOB-MAL-063
krmob-384f151e92683e52b268,[지원결과안내] 귀하의 채용전형 최종 합격을 축하드립니다. 서류 제출 기한이 오늘 18시까지이오니 아래 링크에서 등록을 완료해주시기 바랍니다. 미등록 시 합격이 자동취소됩니다. [URL],[지원결과안내] 귀하의 채용전형 최종 합격을 축하드립니다. 서류 제출 기한이 오늘 18시까지이오니 아래 링크에서 등록을 완료해주시기 바랍니다. 미등록 시 합격이 자동취소됩니다. [url],smishing,1,1,DimensionV/KR-MOB-SMISHING-v2,synthetic,krmob-inc-MOB-MAL-064,inc-MOB-MAL-064:1,malicious,채용/면접 결과 사칭,personal_number,SMS,Android,CC BY-NC 4.0,1,0.182963,test,msg-6cc91b9bb363bab6f958,1,train,krmob-inc-MOB-MAL-064
krmob-b6ca6f26992a07061be2,고객님의 공동인증서가 금일 24시 만료 예정입니다. 만료 시 모든 금융거래가 제한되오니 즉시 갱신하시기 바랍니다. 갱신하기: [URL],고객님의 공동인증서가 금일 24시 만료 예정입니다. 만료 시 모든 금융거래가 제한되오니 즉시 갱신하시기 바랍니다. 갱신하기: [url],smishing,1,1,DimensionV/KR-MOB-SMISHING-v2,synthetic,krmob-inc-MOB-MAL-065,inc-MOB-MAL-065:1,malicious,인증서 갱신/만료 사칭,personal_number,SMS,iOS-Device-9921,CC BY-NC 4.0,1,0.101868,train,msg-d420eb7b85cf7c471d66,1,train,krmob-inc-MOB-MAL-065
krmob-5b1abf7c8ef2a20cbaa7,"엄마, 나 핸드폰 액정 깨져서 수리 맡겼어. 지금 이 번호로 임시 연락 중인데, 수리비 급하게 보내야 해서 90만원만 이 링크로 좀 보내줘. [URL]","엄마, 나 핸드폰 액정 깨져서 수리 맡겼어. 지금 이 번호로 임시 연락 중인데, 수리비 급하게 보내야 해서 90만원만 이 링크로 좀 보내줘. [url]",smishing,1,1,DimensionV/KR-MOB-SMISHING-v2,synthetic,krmob-inc-MOB-MAL-070,inc-MOB-MAL-070:1,malicious,가족/지인 사칭 긴급 송금,personal_number,SMS,Android,CC BY-NC 4.0,1,0.240155,train,msg-bb5a4640eee306e11287,1,train,krmob-inc-MOB-MAL-070
krmob-31624f6eb8b7c637336f,"(광고) [OO은행] 고객님, 비정상 접속 시도로 인해 계정이 잠금되었습니다. 본인 인증 후 해제해 주세요. [URL]","(광고) [oo은행] 고객님, 비정상 접속 시도로 인해 계정이 잠금되었습니다. 본인 인증 후 해제해 주세요. [url]",smishing,1,1,DimensionV/KR-MOB-SMISHING-v2,synthetic,krmob-inc-MOB-MAL-070,inc-MOB-MAL-070:2,malicious,가족/지인 사칭 긴급 송금,short_code,SMS,iOS,CC BY-NC 4.0,1,0.225931,train,msg-954b014d938b28aa0ec3,1,train,krmob-inc-MOB-MAL-070
krmob-b23a0e87d66c19c30d0d,"[통신지원] 고객님, 금월 데이터 사용량 초과로 인한 추가 과금(49,800원) 예정입니다. 즉시 감면 신청 및 상세 확인: [URL]","[통신지원] 고객님, 금월 데이터 사용량 초과로 인한 추가 과금(49,800원) 예정입니다. 즉시 감면 신청 및 상세 확인: [url]",smishing,1,1,DimensionV/KR-MOB-SMISHING-v2,synthetic,krmob-inc-MOB-MAL-071,inc-MOB-MAL-071:1,malicious,통신사 요금/데이터 사칭,personal_number,SMS,Android,CC BY-NC 4.0,1,0.189827,train,msg-3e6189b38b3ebe2e0437,1,train,krmob-inc-MOB-MAL-071
krmob-cb9a318df2bc3042393f,"고객님, 금월 데이터 사용량이 초과되어 추가 요금이 발생할 수 있습니다. 미납 방지를 위해 잔여 요금 및 상세 내역을 확인하십시오. [URL]","고객님, 금월 데이터 사용량이 초과되어 추가 요금이 발생할 수 있습니다. 미납 방지를 위해 잔여 요금 및 상세 내역을 확인하십시오. [url]",smishing,1,1,DimensionV/KR-MOB-SMISHING-v2,synthetic,krmob-inc-MOB-MAL-072,inc-MOB-MAL-072:1,malicious,통신사 요금/데이터 사칭,personal_number,SMS,dev-iOS-7721,CC BY-NC 4.0,1,0.248428,train,msg-7a07c4930e4998a56751,1,train,krmob-inc-MOB-MAL-072
krmob-e5e6d905ef30f3b9dc45,[공공행정안전] 귀하의 미납 과태료가 발생하였습니다. 기한 내 미납 시 가산금이 부과되오니 아래 링크를 통해 확인 후 납부바랍니다. 확인: [URL],[공공행정안전] 귀하의 미납 과태료가 발생하였습니다. 기한 내 미납 시 가산금이 부과되오니 아래 링크를 통해 확인 후 납부바랍니다. 확인: [url],smishing,1,1,DimensionV/KR-MOB-SMISHING-v2,synthetic,krmob-inc-MOB-MAL-073,inc-MOB-MAL-073:1,malicious,공공기관 과태료/세금 사칭,personal_number,SMS,dev-and-9821,CC BY-NC 4.0,1,0.14,train,msg-28d19bf88f975a83d90a,1,train,krmob-inc-MOB-MAL-073
krmob-b56e25ed41d0495e6c37,"[배송알림] 고객님, 주소지 불명으로 인해 물품 배송이 중단되었습니다. 오늘 18시 전까지 주소 확인 및 수령지 변경을 완료하지 않으면 자동 반송 처리됩니다. 확인: [URL]","[배송알림] 고객님, 주소지 불명으로 인해 물품 배송이 중단되었습니다. 오늘 18시 전까지 주소 확인 및 수령지 변경을 완료하지 않으면 자동 반송 처리됩니다. 확인: [url]",smishing,1,1,DimensionV/KR-MOB-SMISHING-v2,synthetic,krmob-inc-MOB-MAL-080,inc-MOB-MAL-080:1,malicious,택배/배송 실패 사칭,personal_number,SMS,Android,CC BY-NC 4.0,1,0.22128,train,msg-b569cbcd457054840fc1,1,train,krmob-inc-MOB-MAL-080
krmob-a2a1db814e171104110e,[배송알림] 주소지 불분명으로 처리가 지연되고 있습니다. 오늘 중 미확인 시 반송 예정입니다. 확인: [URL],[배송알림] 주소지 불분명으로 처리가 지연되고 있습니다. 오늘 중 미확인 시 반송 예정입니다. 확인: [url],smishing,1,1,DimensionV/KR-MOB-SMISHING-v2,synthetic,krmob-inc-MOB-MAL-081,inc-MOB-MAL-081:1,malicious,택배/배송 실패 사칭,personal_number,SMS,dev-ios-9921,CC BY-NC 4.0,1,0.226789,train,msg-793c5e24c8b9e6c78393,1,train,krmob-inc-MOB-MAL-081
krmob-2137fb2d61555f54abc5,[OO채용] 서류전형 합격을 축하드립니다. 면접 일정 및 증빙서류 제출 안내는 아래 링크에서 확인 바랍니다. 기한 내 미제출 시 합격이 취소될 수 있습니다. [URL],[oo채용] 서류전형 합격을 축하드립니다. 면접 일정 및 증빙서류 제출 안내는 아래 링크에서 확인 바랍니다. 기한 내 미제출 시 합격이 취소될 수 있습니다. [url],smishing,1,1,DimensionV/KR-MOB-SMISHING-v2,synthetic,krmob-inc-MOB-MAL-083,inc-MOB-MAL-083:1,malicious,채용/면접 결과 사칭,short_code,SMS,iOS-DEV-9921,CC BY-NC 4.0,1,0.177104,test,msg-6cc91b9bb363bab6f958,1,train,krmob-inc-MOB-MAL-083
